GeoFips,GeoName,2022
01001,"Autauga, AL",57784
01003,"Baldwin, AL",816528
01005,"Barbour, AL",25904
01007,"Bibb, AL",8956
01009,"Blount, AL",28374
01011,"Bullock, AL",(D)
01013,"Butler, AL",27429
01015,"Calhoun, AL",192682
01017,"Chambers, AL",31669
01019,"Cherokee, AL",15708
01021,"Chilton, AL",35305
01023,"Choctaw, AL",5926
01025,"Clarke, AL",25465
01027,"Clay, AL",(D)
01029,"Cleburne, AL",5832
01031,"Coffee, AL",70653
01033,"Colbert, AL",63830
01035,"Conecuh, AL",(D)
01037,"Coosa, AL",(D)
01039,"Covington, AL",35282
01041,"Crenshaw, AL",10741
01043,"Cullman, AL",114055
01045,"Dale, AL",49236
01047,"Dallas, AL",27346
01049,"DeKalb, AL",74604
01051,"Elmore, AL",128848
01053,"Escambia, AL",(D)
01055,"Etowah, AL",156529
01057,"Fayette, AL",8628
01059,"Franklin, AL",34024
01061,"Geneva, AL",(D)
01063,"Greene, AL",2994
01065,"Hale, AL",(D)
01067,"Henry, AL",9518
01069,"Houston, AL",300428
01071,"Jackson, AL",43272
01073,"Jefferson, AL",1569294
01075,"Lamar, AL",7676
01077,"Lauderdale, AL",162119
01079,"Lawrence, AL",(D)
01081,"Lee, AL",347802
01083,"Limestone, AL",111633
01085,"Lowndes, AL",(D)
01087,"Macon, AL",(D)
01089,"Madison, AL",818474
01091,"Marengo, AL",16028
01093,"Marion, AL",24960
01095,"Marshall, AL",133771
01097,"Mobile, AL",697666
01099,"Monroe, AL",(D)
01101,"Montgomery, AL",567183
01103,"Morgan, AL",188957
01105,"Perry, AL",5113
01107,"Pickens, AL",5398
01109,"Pike, AL",58749
01111,"Randolph, AL",(D)
01113,"Russell, AL",61293
01115,"St. Clair, AL",88432
01117,"Shelby, AL",381124
01119,"Sumter, AL",10462
01121,"Talladega, AL",84182
01123,"Tallapoosa, AL",46367
01125,"Tuscaloosa, AL",435381
01127,"Walker, AL",84387
01129,"Washington, AL",2623
01131,"Wilcox, AL",(D)
01133,"Winston, AL",(D)
02013,"Aleutians East Borough, AK",(D)
02016,"Aleutians West Census Area, AK",(D)
02020,"Anchorage Municipality, AK",869719
02050,"Bethel Census Area, AK",8644
02060,"Bristol Bay Borough, AK",15489
02063,"Chugach Census Area, AK*",18205
02066,"Copper River Census Area, AK*",10186
02068,"Denali Borough, AK",115807
02070,"Dillingham Census Area, AK",12729
02090,"Fairbanks North Star Borough, AK",251055
02100,"Haines Borough, AK",6350
02105,"Hoonah-Angoon Census Area, AK*",(D)
02110,"Juneau City and Borough, AK",76929
02122,"Kenai Peninsula Borough, AK",145914
02130,"Ketchikan Gateway Borough, AK*",68164
02150,"Kodiak Island Borough, AK",26956
02158,"Kusilvak Census Area, AK*",(D)
02164,"Lake and Peninsula Borough, AK",19763
02170,"Matanuska-Susitna Borough, AK",153196
02180,"Nome Census Area, AK",9700
02185,"North Slope Borough, AK",(D)
02188,"Northwest Arctic Borough, AK",(D)
02195,"Petersburg Borough, AK*",6935
02198,"Prince of Wales-Hyder Census Area, AK*",14129
02201,"Prince of Wales-Outer Ketchikan Census Area, AK*",(NA)
02220,"Sitka City and Borough, AK",39980
02230,"Skagway Municipality, AK*",9749
02232,"Skagway-Hoonah-Angoon Census Area, AK*",(NA)
02240,"Southeast Fairbanks Census Area, AK",17557
02261,"Valdez-Cordova Census Area, AK*",(NA)
02275,"Wrangell City and Borough, AK*",2921
02280,"Wrangell-Petersburg Census Area, AK*",(NA)
02282,"Yakutat City and Borough, AK*",(D)
02290,"Yukon-Koyukuk Census Area, AK",(D)
04001,"Apache, AZ",62168
04003,"Cochise, AZ",184682
04005,"Coconino, AZ",930743
04007,"Gila, AZ",97797
04009,"Graham, AZ",36535
04011,"Greenlee, AZ",(D)
04012,"La Paz, AZ",(D)
04013,"Maricopa, AZ",11684940
04015,"Mohave, AZ",454964
04017,"Navajo, AZ",186019
04019,"Pima, AZ",2331495
04021,"Pinal, AZ",345141
04023,"Santa Cruz, AZ",95607
04025,"Yavapai, AZ",617952
04027,"Yuma, AZ",416482
05001,"Arkansas, AR",20711
05003,"Ashley, AR",14842
05005,"Baxter, AR",64431
05007,"Benton, AR",639525
05009,"Boone, AR",51974
05011,"Bradley, AR",(D)
05013,"Calhoun, AR",878
05015,"Carroll, AR",75939
05017,"Chicot, AR",(D)
05019,"Clark, AR",41510
05021,"Clay, AR",(D)
05023,"Cleburne, AR",36685
05025,"Cleveland, AR",(D)
05027,"Columbia, AR",31799
05029,"Conway, AR",48344
05031,"Craighead, AR",272665
05033,"Crawford, AR",61631
05035,"Crittenden, AR",89336
05037,"Cross, AR",14576
05039,"Dallas, AR",(D)
05041,"Desha, AR",15760
05043,"Drew, AR",26039
05045,"Faulkner, AR",209238
05047,"Franklin, AR",(D)
05049,"Fulton, AR",(D)
05051,"Garland, AR",289050
05053,"Grant, AR",(D)
05055,"Greene, AR",49718
05057,"Hempstead, AR",27314
05059,"Hot Spring, AR",24210
05061,"Howard, AR",12534
05063,"Independence, AR",47605
05065,"Izard, AR",6356
05067,"Jackson, AR",(D)
05069,"Jefferson, AR",(D)
05071,"Johnson, AR",20866
05073,"Lafayette, AR",(D)
05075,"Lawrence, AR",(D)
05077,"Lee, AR",2986
05079,"Lincoln, AR",(D)
05081,"Little River, AR",(D)
05083,"Logan, AR",9484
05085,"Lonoke, AR",80335
05087,"Madison, AR",(D)
05089,"Marion, AR",(D)
05091,"Miller, AR",51534
05093,"Mississippi, AR",44233
05095,"Monroe, AR",(D)
05097,"Montgomery, AR",(D)
05099,"Nevada, AR",(D)
05101,"Newton, AR",(D)
05103,"Ouachita, AR",15344
05105,"Perry, AR",3729
05107,"Phillips, AR",14239
05109,"Pike, AR",9020
05111,"Poinsett, AR",16817
05113,"Polk, AR",17090
05115,"Pope, AR",111498
05117,"Prairie, AR",(D)
05119,"Pulaski, AR",1026137
05121,"Randolph, AR",(D)
05123,"St. Francis, AR",24868
05125,"Saline, AR",148489
05127,"Scott, AR",5859
05129,"Searcy, AR",(D)
05131,"Sebastian, AR",266443
05133,"Sevier, AR",(D)
05135,"Sharp, AR",(D)
05137,"Stone, AR",(D)
05139,"Union, AR",54496
05141,"Van Buren, AR",9571
05143,"Washington, AR",558717
05145,"White, AR",104085
05147,"Woodruff, AR",(D)
05149,"Yell, AR",8648
06001,"Alameda, CA",4130070
06003,"Alpine, CA",(D)
06005,"Amador, CA",61416
06007,"Butte, CA",396991
06009,"Calaveras, CA",56264
06011,"Colusa, CA",34036
06013,"Contra Costa, CA",2167735
06015,"Del Norte, CA",54925
06017,"El Dorado, CA",506182
06019,"Fresno, CA",1677109
06021,"Glenn, CA",34153
06023,"Humboldt, CA",279321
06025,"Imperial, CA",227720
06027,"Inyo, CA",110860
06029,"Kern, CA",1342241
06031,"Kings, CA",177092
06033,"Lake, CA",58421
06035,"Lassen, CA",22998
06037,"Los Angeles, CA",28899092
06039,"Madera, CA",196986
06041,"Marin, CA",927511
06043,"Mariposa, CA",148767
06045,"Mendocino, CA",265762
06047,"Merced, CA",297586
06049,"Modoc, CA",(D)
06051,"Mono, CA",359975
06053,"Monterey, CA",1793711
06055,"Napa, CA",1080047
06057,"Nevada, CA",316228
06059,"Orange, CA",11037545
06061,"Placer, CA",1353816
06063,"Plumas, CA",33411
06065,"Riverside, CA",5117914
06067,"Sacramento, CA",3143543
06069,"San Benito, CA",90463
06071,"San Bernardino, CA",3916062
06073,"San Diego, CA",11368813
06075,"San Francisco, CA",7011188
06077,"San Joaquin, CA",1195224
06079,"San Luis Obispo, CA",1142297
06081,"San Mateo, CA",2912835
06083,"Santa Barbara, CA",1695203
06085,"Santa Clara, CA",5890486
06087,"Santa Cruz, CA",836755
06089,"Shasta, CA",338333
06091,"Sierra, CA",5327
06093,"Siskiyou, CA",91925
06095,"Solano, CA",739666
06097,"Sonoma, CA",1496059
06099,"Stanislaus, CA",1011302
06101,"Sutter, CA",144901
06103,"Tehama, CA",71163
06105,"Trinity, CA",13813
06107,"Tulare, CA",647415
06109,"Tuolumne, CA",122317
06111,"Ventura, CA",1844411
06113,"Yolo, CA",343062
06115,"Yuba, CA",88444
08001,"Adams, CO*",1051244
08003,"Alamosa, CO",45042
08005,"Arapahoe, CO",1564137
08007,"Archuleta, CO",56596
08009,"Baca, CO",(D)
08011,"Bent, CO",(D)
08013,"Boulder, CO*",1005236
08014,"Broomfield, CO*",233246
08015,"Chaffee, CO",93781
08017,"Cheyenne, CO",(D)
08019,"Clear Creek, CO",42240
08021,"Conejos, CO",5799
08023,"Costilla, CO",(D)
08025,"Crowley, CO",(D)
08027,"Custer, CO",5822
08029,"Delta, CO",31002
08031,"Denver, CO",4320127
08033,"Dolores, CO",(D)
08035,"Douglas, CO",743002
08037,"Eagle, CO",748686
08039,"Elbert, CO",13902
08041,"El Paso, CO",1949566
08043,"Fremont, CO",55710
08045,"Garfield, CO",197364
08047,"Gilpin, CO",364204
08049,"Grand, CO",143223
08051,"Gunnison, CO",89575
08053,"Hinsdale, CO",2971
08055,"Huerfano, CO",(D)
08057,"Jackson, CO",4364
08059,"Jefferson, CO*",1445668
08061,"Kiowa, CO",(D)
08063,"Kit Carson, CO",16667
08065,"Lake, CO",17282
08067,"La Plata, CO",178653
08069,"Larimer, CO",1085546
08071,"Las Animas, CO",35351
08073,"Lincoln, CO",(D)
08075,"Logan, CO",31853
08077,"Mesa, CO",353860
08079,"Mineral, CO",(D)
08081,"Moffat, CO",21538
08083,"Montezuma, CO",57321
08085,"Montrose, CO",71063
08087,"Morgan, CO",49729
08089,"Otero, CO",24735
08091,"Ouray, CO",40617
08093,"Park, CO",19712
08095,"Phillips, CO",(D)
08097,"Pitkin, CO",471760
08099,"Prowers, CO",20569
08101,"Pueblo, CO",271404
08103,"Rio Blanco, CO",(D)
08105,"Rio Grande, CO",21937
08107,"Routt, CO",174273
08109,"Saguache, CO",(D)
08111,"San Juan, CO",12578
08113,"San Miguel, CO",145578
08115,"Sedgwick, CO",(D)
08117,"Summit, CO",766688
08119,"Teller, CO",127798
08121,"Washington, CO",(D)
08123,"Weld, CO*",403399
08125,"Yuma, CO",11520
09001,"Fairfield, CT",2242260
09003,"Hartford, CT",2039650
09005,"Litchfield, CT",319607
09007,"Middlesex, CT",383027
09009,"New Haven, CT",1896489
09011,"New London, CT",676842
09013,"Tolland, CT",214127
09015,"Windham, CT",188984
10001,"Kent, DE",282383
10003,"New Castle, DE",1094558
10005,"Sussex, DE",790845
11001,"District of Columbia, DC",5515556
12001,"Alachua, FL",589622
12003,"Baker, FL",27238
12005,"Bay, FL",720932
12007,"Bradford, FL",32041
12009,"Brevard, FL",1247991
12011,"Broward, FL",5980386
12013,"Calhoun, FL",6944
12015,"Charlotte, FL",345997
12017,"Citrus, FL",194231
12019,"Clay, FL",289938
12021,"Collier, FL",1608471
12023,"Columbia, FL",140532
12027,"DeSoto, FL",36983
12029,"Dixie, FL",8500
12031,"Duval, FL",2331084
12033,"Escambia, FL",882030
12035,"Flagler, FL",230930
12037,"Franklin, FL",45093
12039,"Gadsden, FL",21386
12041,"Gilchrist, FL",(D)
12043,"Glades, FL",(D)
12045,"Gulf, FL",28405
12047,"Hamilton, FL",(D)
12049,"Hardee, FL",21400
12051,"Hendry, FL",49576
12053,"Hernando, FL",234400
12055,"Highlands, FL",131329
12057,"Hillsborough, FL",3579377
12059,"Holmes, FL",10281
12061,"Indian River, FL",310750
12063,"Jackson, FL",46267
12065,"Jefferson, FL",9864
12067,"Lafayette, FL",(D)
12069,"Lake, FL",576302
12071,"Lee, FL",1973515
12073,"Leon, FL",712658
12075,"Levy, FL",38838
12077,"Liberty, FL",(D)
12079,"Madison, FL",16330
12081,"Manatee, FL",853125
12083,"Marion, FL",505896
12085,"Martin, FL",431544
12086,"Miami-Dade, FL",10674652
12087,"Monroe, FL",1404909
12089,"Nassau, FL",321339
12091,"Okaloosa, FL",771972
12093,"Okeechobee, FL",60792
12095,"Orange, FL",11209540
12097,"Osceola, FL",1298627
12099,"Palm Beach, FL",4824684
12101,"Pasco, FL",700081
12103,"Pinellas, FL",2834644
12105,"Polk, FL",1011500
12107,"Putnam, FL",78692
12109,"St. Johns, FL",869457
12111,"St. Lucie, FL",437877
12113,"Santa Rosa, FL",334613
12115,"Sarasota, FL",1345554
12117,"Seminole, FL",917258
12119,"Sumter, FL",219235
12121,"Suwannee, FL",47651
12123,"Taylor, FL",22448
12125,"Union, FL",(D)
12127,"Volusia, FL",1236254
12129,"Wakulla, FL",28093
12131,"Walton, FL",527576
12133,"Washington, FL",(D)
13001,"Appling, GA",(D)
13003,"Atkinson, GA",(D)
13005,"Bacon, GA",(D)
13007,"Baker, GA",(D)
13009,"Baldwin, GA",80214
13011,"Banks, GA",45118
13013,"Barrow, GA",109483
13015,"Bartow, GA",205816
13017,"Ben Hill, GA",(D)
13019,"Berrien, GA",(D)
13021,"Bibb, GA",350250
13023,"Bleckley, GA",(D)
13025,"Brantley, GA",(D)
13027,"Brooks, GA",5049
13029,"Bryan, GA",62219
13031,"Bulloch, GA",126881
13033,"Burke, GA",(D)
13035,"Butts, GA",31450
13037,"Calhoun, GA",(D)
13039,"Camden, GA",87608
13043,"Candler, GA",(D)
13045,"Carroll, GA",183571
13047,"Catoosa, GA",94324
13049,"Charlton, GA",(D)
13051,"Chatham, GA",1262033
13053,"Chattahoochee, GA",5837
13055,"Chattooga, GA",(D)
13057,"Cherokee, GA",369723
13059,"Clarke, GA",344712
13061,"Clay, GA",172
13063,"Clayton, GA",575513
13065,"Clinch, GA",(D)
13067,"Cobb, GA",1889353
13069,"Coffee, GA",55320
13071,"Colquitt, GA",33953
13073,"Columbia, GA",215959
13075,"Cook, GA",16375
13077,"Coweta, GA",215092
13079,"Crawford, GA",942
13081,"Crisp, GA",(D)
13083,"Dade, GA",(D)
13085,"Dawson, GA",77147
13087,"Decatur, GA",27270
13089,"DeKalb, GA",1365502
13091,"Dodge, GA",(D)
13093,"Dooly, GA",5068
13095,"Dougherty, GA",242403
13097,"Douglas, GA",231523
13099,"Early, GA",(D)
13101,"Echols, GA",107
13103,"Effingham, GA",38348
13105,"Elbert, GA",11144
13107,"Emanuel, GA",19456
13109,"Evans, GA",10646
13111,"Fannin, GA",71924
13113,"Fayette, GA",305749
13115,"Floyd, GA",180046
13117,"Forsyth, GA",331346
13119,"Franklin, GA",47585
13121,"Fulton, GA",6004306
13123,"Gilmer, GA",55939
13125,"Glascock, GA",(D)
13127,"Glynn, GA",463487
13129,"Gordon, GA",75775
13131,"Grady, GA",13278
13133,"Greene, GA",84577
13135,"Gwinnett, GA",1701463
13137,"Habersham, GA",63669
13139,"Hall, GA",378740
13141,"Hancock, GA",853
13143,"Haralson, GA",(D)
13145,"Harris, GA",(D)
13147,"Hart, GA",24457
13149,"Heard, GA",2231
13151,"Henry, GA",442439
13153,"Houston, GA",314176
13155,"Irwin, GA",(D)
13157,"Jackson, GA",72731
13159,"Jasper, GA",6516
13161,"Jeff Davis, GA",10121
13163,"Jefferson, GA",(D)
13165,"Jenkins, GA",5808
13167,"Johnson, GA",1796
13169,"Jones, GA",11101
13171,"Lamar, GA",9868
13173,"Lanier, GA",(D)
13175,"Laurens, GA",68690
13177,"Lee, GA",16182
13179,"Liberty, GA",90682
13181,"Lincoln, GA",4079
13183,"Long, GA",1575
13185,"Lowndes, GA",245434
13187,"Lumpkin, GA",53978
13189,"McDuffie, GA",23768
13191,"McIntosh, GA",(D)
13193,"Macon, GA",(D)
13195,"Madison, GA",4387
13197,"Marion, GA",4035
13199,"Meriwether, GA",9046
13201,"Miller, GA",(D)
13205,"Mitchell, GA",12878
13207,"Monroe, GA",26004
13209,"Montgomery, GA",6086
13211,"Morgan, GA",56673
13213,"Murray, GA",22841
13215,"Muscogee, GA",501165
13217,"Newton, GA",116971
13219,"Oconee, GA",86321
13221,"Oglethorpe, GA",(D)
13223,"Paulding, GA",157695
13225,"Peach, GA",34621
13227,"Pickens, GA",43274
13229,"Pierce, GA",11858
13231,"Pike, GA",(D)
13233,"Polk, GA",42579
13235,"Pulaski, GA",(D)
13237,"Putnam, GA",24668
13239,"Quitman, GA",(D)
13241,"Rabun, GA",49455
13243,"Randolph, GA",3307
13245,"Richmond, GA",476188
13247,"Rockdale, GA",137645
13249,"Schley, GA",1632
13251,"Screven, GA",(D)
13253,"Seminole, GA",(D)
13255,"Spalding, GA",94925
13257,"Stephens, GA",22556
13259,"Stewart, GA",(D)
13261,"Sumter, GA",35902
13263,"Talbot, GA",(D)
13265,"Taliaferro, GA",93
13267,"Tattnall, GA",(D)
13269,"Taylor, GA",(D)
13271,"Telfair, GA",(D)
13273,"Terrell, GA",5656
13275,"Thomas, GA",76496
13277,"Tift, GA",96337
13279,"Toombs, GA",(D)
13281,"Towns, GA",(D)
13283,"Treutlen, GA",1435
13285,"Troup, GA",153748
13287,"Turner, GA",7330
13289,"Twiggs, GA",(D)
13291,"Union, GA",34870
13293,"Upson, GA",27798
13295,"Walker, GA",(D)
13297,"Walton, GA",92103
13299,"Ware, GA",65936
13301,"Warren, GA",(D)
13303,"Washington, GA",(D)
13305,"Wayne, GA",26605
13307,"Webster, GA",9
13309,"Wheeler, GA",(D)
13311,"White, GA",90651
13313,"Whitfield, GA",149939
13315,"Wilcox, GA",(D)
13317,"Wilkes, GA",(D)
13319,"Wilkinson, GA",(D)
13321,"Worth, GA",12737
15001,"Hawaii, HI",(D)
15003,"Honolulu, HI",5391445
15007,"Kauai, HI",(D)
15901,"Maui + Kalawao, HI*",2346816
16001,"Ada, ID",1342317
16003,"Adams, ID",3896
16005,"Bannock, ID",165845
16007,"Bear Lake, ID",7958
16009,"Benewah, ID",6619
16011,"Bingham, ID",31282
16013,"Blaine, ID",239169
16015,"Boise, ID",8467
16017,"Bonner, ID",85311
16019,"Bonneville, ID",289491
16021,"Boundary, ID",5240
16023,"Butte, ID",2247
16025,"Camas, ID",(D)
16027,"Canyon, ID",311625
16029,"Caribou, ID",4890
16031,"Cassia, ID",32602
16033,"Clark, ID",(D)
16035,"Clearwater, ID",10434
16037,"Custer, ID",22362
16039,"Elmore, ID",31929
16041,"Franklin, ID",10393
16043,"Fremont (includes Yellowstone Park), ID",30364
16045,"Gem, ID",16757
16047,"Gooding, ID",10249
16049,"Idaho, ID",15359
16051,"Jefferson, ID",17377
16053,"Jerome, ID",23492
16055,"Kootenai, ID",533257
16057,"Latah, ID",73189
16059,"Lemhi, ID",13636
16061,"Lewis, ID",(D)
16063,"Lincoln, ID",(D)
16065,"Madison, ID",78845
16067,"Minidoka, ID",20719
16069,"Nez Perce, ID",90761
16071,"Oneida, ID",2846
16073,"Owyhee, ID",(D)
16075,"Payette, ID",14506
16077,"Power, ID",(D)
16079,"Shoshone, ID",17937
16081,"Teton, ID",35547
16083,"Twin Falls, ID",197391
16085,"Valley, ID",82881
16087,"Washington, ID",6986
17001,"Adams, IL",112247
17003,"Alexander, IL",(D)
17005,"Bond, IL",13251
17007,"Boone, IL",29798
17009,"Brown, IL",(D)
17011,"Bureau, IL",24125
17013,"Calhoun, IL",3237
17015,"Carroll, IL",(D)
17017,"Cass, IL",(D)
17019,"Champaign, IL",457897
17021,"Christian, IL",26302
17023,"Clark, IL",(D)
17025,"Clay, IL",9657
17027,"Clinton, IL",41606
17029,"Coles, IL",89309
17031,"Cook, IL",18253540
17033,"Crawford, IL",19224
17035,"Cumberland, IL",7570
17037,"DeKalb, IL",(D)
17039,"De Witt, IL",16171
17041,"Douglas, IL",32240
17043,"DuPage, IL",2947272
17045,"Edgar, IL",15308
17047,"Edwards, IL",(D)
17049,"Effingham, IL",131767
17051,"Fayette, IL",24234
17053,"Ford, IL",(D)
17055,"Franklin, IL",43615
17057,"Fulton, IL",21126
17059,"Gallatin, IL",1666
17061,"Greene, IL",(D)
17063,"Grundy, IL",78533
17065,"Hamilton, IL",4560
17067,"Hancock, IL",14236
17069,"Hardin, IL",(D)
17071,"Henderson, IL",(D)
17073,"Henry, IL",38067
17075,"Iroquois, IL",18212
17077,"Jackson, IL",92590
17079,"Jasper, IL",(D)
17081,"Jefferson, IL",82857
17083,"Jersey, IL",31303
17085,"Jo Daviess, IL",81463
17087,"Johnson, IL",(D)
17089,"Kane, IL",1101491
17091,"Kankakee, IL",142405
17093,"Kendall, IL",161458
17095,"Knox, IL",67722
17097,"Lake, IL",1433419
17099,"LaSalle, IL",202587
17101,"Lawrence, IL",(D)
17103,"Lee, IL",32340
17105,"Livingston, IL",28121
17107,"Logan, IL",24524
17109,"McDonough, IL",43816
17111,"McHenry, IL",426691
17113,"McLean, IL",419915
17115,"Macon, IL",178121
17117,"Macoupin, IL",28405
17119,"Madison, IL",533868
17121,"Marion, IL",40917
17123,"Marshall, IL",11901
17125,"Mason, IL",7825
17127,"Massac, IL",(D)
17129,"Menard, IL",7066
17131,"Mercer, IL",6288
17133,"Monroe, IL",52265
17135,"Montgomery, IL",34768
17137,"Morgan, IL",55363
17139,"Moultrie, IL",24703
17141,"Ogle, IL",46704
17143,"Peoria, IL",371383
17145,"Perry, IL",12652
17147,"Piatt, IL",18135
17149,"Pike, IL",14759
17151,"Pope, IL",1686
17153,"Pulaski, IL",1348
17155,"Putnam, IL",3197
17157,"Randolph, IL",32880
17159,"Richland, IL",22565
17161,"Rock Island, IL",293103
17163,"St. Clair, IL",469278
17165,"Saline, IL",23095
17167,"Sangamon, IL",460202
17169,"Schuyler, IL",4697
17171,"Scott, IL",(D)
17173,"Shelby, IL",14213
17175,"Stark, IL",(D)
17177,"Stephenson, IL",44943
17179,"Tazewell, IL",275452
17181,"Union, IL",15934
17183,"Vermilion, IL",82978
17185,"Wabash, IL",(D)
17187,"Warren, IL",18965
17189,"Washington, IL",(D)
17191,"Wayne, IL",11760
17193,"White, IL",(D)
17195,"Whiteside, IL",65320
17197,"Will, IL",1047712
17199,"Williamson, IL",152212
17201,"Winnebago, IL",501949
17203,"Woodford, IL",24023
18001,"Adams, IN",25577
18003,"Allen, IN",764186
18005,"Bartholomew, IN",183045
18007,"Benton, IN",1200
18009,"Blackford, IN",(D)
18011,"Boone, IN",157995
18013,"Brown, IN",31735
18015,"Carroll, IN",(D)
18017,"Cass, IN",35511
18019,"Clark, IN",273368
18021,"Clay, IN",16570
18023,"Clinton, IN",26807
18025,"Crawford, IN",(D)
18027,"Daviess, IN",32546
18029,"Dearborn, IN",62867
18031,"Decatur, IN",37051
18033,"DeKalb, IN",52903
18035,"Delaware, IN",182187
18037,"Dubois, IN",66294
18039,"Elkhart, IN",303584
18041,"Fayette, IN",20384
18043,"Floyd, IN",125501
18045,"Fountain, IN",10781
18047,"Franklin, IN",(D)
18049,"Fulton, IN",19386
18051,"Gibson, IN",47423
18053,"Grant, IN",95586
18055,"Greene, IN",(D)
18057,"Hamilton, IN",827998
18059,"Hancock, IN",105040
18061,"Harrison, IN",94706
18063,"Hendricks, IN",330561
18065,"Henry, IN",38764
18067,"Howard, IN",162704
18069,"Huntington, IN",40942
18071,"Jackson, IN",63118
18073,"Jasper, IN",39646
18075,"Jay, IN",15856
18077,"Jefferson, IN",44401
18079,"Jennings, IN",15328
18081,"Johnson, IN",310838
18083,"Knox, IN",63316
18085,"Kosciusko, IN",118974
18087,"Lagrange, IN",39933
18089,"Lake, IN",1099848
18091,"LaPorte, IN",186072
18093,"Lawrence, IN",44304
18095,"Madison, IN",262768
18097,"Marion, IN",2808036
18099,"Marshall, IN",57351
18101,"Martin, IN",(D)
18103,"Miami, IN",29673
18105,"Monroe, IN",357161
18107,"Montgomery, IN",55273
18109,"Morgan, IN",70729
18111,"Newton, IN",(D)
18113,"Noble, IN",36223
18115,"Ohio, IN",(D)
18117,"Orange, IN",195060
18119,"Owen, IN",15119
18121,"Parke, IN",13167
18123,"Perry, IN",19315
18125,"Pike, IN",(D)
18127,"Porter, IN",289872
18129,"Posey, IN",37351
18131,"Pulaski, IN",7440
18133,"Putnam, IN",38161
18135,"Randolph, IN",15840
18137,"Ripley, IN",29037
18139,"Rush, IN",11665
18141,"St. Joseph, IN",521201
18143,"Scott, IN",31784
18145,"Shelby, IN",50378
18147,"Spencer, IN",(D)
18149,"Starke, IN",13819
18151,"Steuben, IN",53852
18153,"Sullivan, IN",(D)
18155,"Switzerland, IN",(D)
18157,"Tippecanoe, IN",388331
18159,"Tipton, IN",8878
18161,"Union, IN",(D)
18163,"Vanderburgh, IN",467431
18165,"Vermillion, IN",13990
18167,"Vigo, IN",237324
18169,"Wabash, IN",42259
18171,"Warren, IN",1042
18173,"Warrick, IN",49295
18175,"Washington, IN",15175
18177,"Wayne, IN",111661
18179,"Wells, IN",19384
18181,"White, IN",22839
18183,"Whitley, IN",28485
19001,"Adair, IA",7845
19003,"Adams, IA",(D)
19005,"Allamakee, IA",5282
19007,"Appanoose, IA",17334
19009,"Audubon, IA",(D)
19011,"Benton, IA",7468
19013,"Black Hawk, IA",257552
19015,"Boone, IA",15126
19017,"Bremer, IA",17909
19019,"Buchanan, IA",10654
19021,"Buena Vista, IA",25180
19023,"Butler, IA",1461
19025,"Calhoun, IA",3655
19027,"Carroll, IA",23335
19029,"Cass, IA",10349
19031,"Cedar, IA",7218
19033,"Cerro Gordo, IA",83209
19035,"Cherokee, IA",9208
19037,"Chickasaw, IA",6075
19039,"Clarke, IA",(D)
19041,"Clay, IA",21496
19043,"Clayton, IA",(D)
19045,"Clinton, IA",83706
19047,"Crawford, IA",13246
19049,"Dallas, IA",191706
19051,"Davis, IA",(D)
19053,"Decatur, IA",4186
19055,"Delaware, IA",9155
19057,"Des Moines, IA",76183
19059,"Dickinson, IA",60880
19061,"Dubuque, IA",160817
19063,"Emmet, IA",6895
19065,"Fayette, IA",13028
19067,"Floyd, IA",9461
19069,"Franklin, IA",4985
19071,"Fremont, IA",6038
19073,"Greene, IA",(D)
19075,"Grundy, IA",3438
19077,"Guthrie, IA",4329
19079,"Hamilton, IA",9530
19081,"Hancock, IA",3373
19083,"Hardin, IA",12154
19085,"Harrison, IA",(D)
19087,"Henry, IA",13483
19089,"Howard, IA",(D)
19091,"Humboldt, IA",(D)
19093,"Ida, IA",4317
19095,"Iowa, IA",17862
19097,"Jackson, IA",16652
19099,"Jasper, IA",27850
19101,"Jefferson, IA",14988
19103,"Johnson, IA",383908
19105,"Jones, IA",16463
19107,"Keokuk, IA",(D)
19109,"Kossuth, IA",12702
19111,"Lee, IA",30906
19113,"Linn, IA",453447
19115,"Louisa, IA",3763
19117,"Lucas, IA",(D)
19119,"Lyon, IA",49995
19121,"Madison, IA",9918
19123,"Mahaska, IA",19311
19125,"Marion, IA",36957
19127,"Marshall, IA",37474
19129,"Mills, IA",7967
19131,"Mitchell, IA",4136
19133,"Monona, IA",5395
19135,"Monroe, IA",(D)
19137,"Montgomery, IA",10015
19139,"Muscatine, IA",43058
19141,"O'Brien, IA",9062
19143,"Osceola, IA",(D)
19145,"Page, IA",12092
19147,"Palo Alto, IA",16981
19149,"Plymouth, IA",21818
19151,"Pocahontas, IA",2709
19153,"Polk, IA",1161044
19155,"Pottawattamie, IA",363118
19157,"Poweshiek, IA",18216
19159,"Ringgold, IA",1454
19161,"Sac, IA",(D)
19163,"Scott, IA",417777
19165,"Shelby, IA",7059
19167,"Sioux, IA",46374
19169,"Story, IA",159519
19171,"Tama, IA",5959
19173,"Taylor, IA",(D)
19175,"Union, IA",14550
19177,"Van Buren, IA",(D)
19179,"Wapello, IA",38663
19181,"Warren, IA",36454
19183,"Washington, IA",99541
19185,"Wayne, IA",1696
19187,"Webster, IA",49824
19189,"Winnebago, IA",5046
19191,"Winneshiek, IA",28173
19193,"Woodbury, IA",235711
19195,"Worth, IA",(D)
19197,"Wright, IA",6176
20001,"Allen, KS",(D)
20003,"Anderson, KS",(D)
20005,"Atchison, KS",20608
20007,"Barber, KS",(D)
20009,"Barton, KS",27516
20011,"Bourbon, KS",(D)
20013,"Brown, KS",8009
20015,"Butler, KS",68067
20017,"Chase, KS",(D)
20019,"Chautauqua, KS",(D)
20021,"Cherokee, KS",12473
20023,"Cheyenne, KS",(D)
20025,"Clark, KS",(D)
20027,"Clay, KS",(D)
20029,"Cloud, KS",14660
20031,"Coffey, KS",(D)
20033,"Comanche, KS",(D)
20035,"Cowley, KS",41938
20037,"Crawford, KS",80322
20039,"Decatur, KS",(D)
20041,"Dickinson, KS",13687
20043,"Doniphan, KS",3202
20045,"Douglas, KS",297027
20047,"Edwards, KS",(D)
20049,"Elk, KS",6227
20051,"Ellis, KS",64295
20053,"Ellsworth, KS",(D)
20055,"Finney, KS",93930
20057,"Ford, KS",57433
20059,"Franklin, KS",26133
20061,"Geary, KS",59700
20063,"Gove, KS",5021
20065,"Graham, KS",1421
20067,"Grant, KS",8048
20069,"Gray, KS",2452
20071,"Greeley, KS",214
20073,"Greenwood, KS",2407
20075,"Hamilton, KS",(D)
20077,"Harper, KS",(D)
20079,"Harvey, KS",35535
20081,"Haskell, KS",(D)
20083,"Hodgeman, KS",(D)
20085,"Jackson, KS",8171
20087,"Jefferson, KS",5807
20089,"Jewell, KS",(D)
20091,"Johnson, KS",1543258
20093,"Kearny, KS",2513
20095,"Kingman, KS",(D)
20097,"Kiowa, KS",(D)
20099,"Labette, KS",18981
20101,"Lane, KS",(D)
20103,"Leavenworth, KS",75095
20105,"Lincoln, KS",(D)
20107,"Linn, KS",(D)
20109,"Logan, KS",(D)
20111,"Lyon, KS",51924
20113,"McPherson, KS",34237
20115,"Marion, KS",(D)
20117,"Marshall, KS",(D)
20119,"Meade, KS",(D)
20121,"Miami, KS",26035
20123,"Mitchell, KS",5220
20125,"Montgomery, KS",62535
20127,"Morris, KS",4923
20129,"Morton, KS",1588
20131,"Nemaha, KS",(D)
20133,"Neosho, KS",12019
20135,"Ness, KS",1117
20137,"Norton, KS",(D)
20139,"Osage, KS",6931
20141,"Osborne, KS",(D)
20143,"Ottawa, KS",(D)
20145,"Pawnee, KS",(D)
20147,"Phillips, KS",(D)
20149,"Pottawatomie, KS",28157
20151,"Pratt, KS",19271
20153,"Rawlins, KS",(D)
20155,"Reno, KS",92998
20157,"Republic, KS",(D)
20159,"Rice, KS",(D)
20161,"Riley, KS",161354
20163,"Rooks, KS",(D)
20165,"Rush, KS",1106
20167,"Russell, KS",(D)
20169,"Saline, KS",111321
20171,"Scott, KS",6039
20173,"Sedgwick, KS",1261578
20175,"Seward, KS",38738
20177,"Shawnee, KS",347344
20179,"Sheridan, KS",1689
20181,"Sherman, KS",(D)
20183,"Smith, KS",1603
20185,"Stafford, KS",1061
20187,"Stanton, KS",(D)
20189,"Stevens, KS",(D)
20191,"Sumner, KS",(D)
20193,"Thomas, KS",(D)
20195,"Trego, KS",(D)
20197,"Wabaunsee, KS",(D)
20199,"Wallace, KS",1536
20201,"Washington, KS",(D)
20203,"Wichita, KS",(D)
20205,"Wilson, KS",(D)
20207,"Woodson, KS",1212
20209,"Wyandotte, KS",332740
21001,"Adair, KY",(D)
21003,"Allen, KY",(D)
21005,"Anderson, KY",26534
21007,"Ballard, KY",(D)
21009,"Barren, KY",73780
21011,"Bath, KY",(D)
21013,"Bell, KY",36279
21015,"Boone, KY",438588
21017,"Bourbon, KY",27456
21019,"Boyd, KY",128275
21021,"Boyle, KY",60283
21023,"Bracken, KY",3231
21025,"Breathitt, KY",7279
21027,"Breckinridge, KY",14279
21029,"Bullitt, KY",87643
21031,"Butler, KY",(D)
21033,"Caldwell, KY",14166
21035,"Calloway, KY",58686
21037,"Campbell, KY",191890
21039,"Carlisle, KY",1819
21041,"Carroll, KY",27374
21043,"Carter, KY",21346
21045,"Casey, KY",11692
21047,"Christian, KY",104584
21049,"Clark, KY",64764
21051,"Clay, KY",(D)
21053,"Clinton, KY",7812
21055,"Crittenden, KY",(D)
21057,"Cumberland, KY",(D)
21059,"Daviess, KY",190754
21061,"Edmonson, KY",(D)
21063,"Elliott, KY",2449
21065,"Estill, KY",7034
21067,"Fayette, KY",994188
21069,"Fleming, KY",(D)
21071,"Floyd, KY",23424
21073,"Franklin, KY",122619
21075,"Fulton, KY",(D)
21077,"Gallatin, KY",(D)
21079,"Garrard, KY",(D)
21081,"Grant, KY",38258
21083,"Graves, KY",36569
21085,"Grayson, KY",23099
21087,"Green, KY",(D)
21089,"Greenup, KY",22950
21091,"Hancock, KY",(D)
21093,"Hardin, KY",208056
21095,"Harlan, KY",(D)
21097,"Harrison, KY",(D)
21099,"Hart, KY",16519
21101,"Henderson, KY",71416
21103,"Henry, KY",(D)
21105,"Hickman, KY",(D)
21107,"Hopkins, KY",54177
21109,"Jackson, KY",2425
21111,"Jefferson, KY",2458187
21113,"Jessamine, KY",84855
21115,"Johnson, KY",(D)
21117,"Kenton, KY",605859
21119,"Knott, KY",(D)
21121,"Knox, KY",(D)
21123,"Larue, KY",6974
21125,"Laurel, KY",84818
21127,"Lawrence, KY",(D)
21129,"Lee, KY",11946
21131,"Leslie, KY",2529
21133,"Letcher, KY",(D)
21135,"Lewis, KY",3089
21137,"Lincoln, KY",(D)
21139,"Livingston, KY",(D)
21141,"Logan, KY",(D)
21143,"Lyon, KY",16473
21145,"McCracken, KY",208675
21147,"McCreary, KY",10439
21149,"McLean, KY",(D)
21151,"Madison, KY",159247
21153,"Magoffin, KY",6764
21155,"Marion, KY",17841
21157,"Marshall, KY",43787
21159,"Martin, KY",4068
21161,"Mason, KY",30971
21163,"Meade, KY",20500
21165,"Menifee, KY",(D)
21167,"Mercer, KY",47830
21169,"Metcalfe, KY",(D)
21171,"Monroe, KY",(D)
21173,"Montgomery, KY",35815
21175,"Morgan, KY",(D)
21177,"Muhlenberg, KY",26466
21179,"Nelson, KY",62819
21181,"Nicholas, KY",(D)
21183,"Ohio, KY",(D)
21185,"Oldham, KY",77986
21187,"Owen, KY",(D)
21189,"Owsley, KY",345
21191,"Pendleton, KY",4211
21193,"Perry, KY",(D)
21195,"Pike, KY",71327
21197,"Powell, KY",17267
21199,"Pulaski, KY",90595
21201,"Robertson, KY",32
21203,"Rockcastle, KY",7624
21205,"Rowan, KY",47961
21207,"Russell, KY",28062
21209,"Scott, KY",124337
21211,"Shelby, KY",57528
21213,"Simpson, KY",50867
21215,"Spencer, KY",7415
21217,"Taylor, KY",36299
21219,"Todd, KY",(D)
21221,"Trigg, KY",(D)
21223,"Trimble, KY",(D)
21225,"Union, KY",11152
21227,"Warren, KY",320803
21229,"Washington, KY",(D)
21231,"Wayne, KY",12343
21233,"Webster, KY",(D)
21235,"Whitley, KY",58996
21237,"Wolfe, KY",(D)
21239,"Woodford, KY",39702
22001,"Acadia, LA",42122
22003,"Allen, LA",(D)
22005,"Ascension, LA",175168
22007,"Assumption, LA",(D)
22009,"Avoyelles, LA",17553
22011,"Beauregard, LA",(D)
22013,"Bienville, LA",(D)
22015,"Bossier, LA",410686
22017,"Caddo, LA",489062
22019,"Calcasieu, LA",807593
22021,"Caldwell, LA",(D)
22023,"Cameron, LA",(D)
22025,"Catahoula, LA",4143
22027,"Claiborne, LA",(D)
22029,"Concordia, LA",11291
22031,"De Soto, LA",13811
22033,"East Baton Rouge, LA",975430
22035,"East Carroll, LA",(D)
22037,"East Feliciana, LA",(D)
22039,"Evangeline, LA",7600
22041,"Franklin, LA",11903
22043,"Grant, LA",(D)
22045,"Iberia, LA",54347
22047,"Iberville, LA",25560
22049,"Jackson, LA",7800
22051,"Jefferson, LA",924943
22053,"Jefferson Davis, LA",22502
22055,"Lafayette, LA",624333
22057,"Lafourche, LA",93711
22059,"LaSalle, LA",(D)
22061,"Lincoln, LA",81315
22063,"Livingston, LA",142204
22065,"Madison, LA",9044
22067,"Morehouse, LA",13569
22069,"Natchitoches, LA",70022
22071,"Orleans, LA",2437862
22073,"Ouachita, LA",308131
22075,"Plaquemines, LA",32648
22077,"Pointe Coupee, LA",13704
22079,"Rapides, LA",201369
22081,"Red River, LA",(D)
22083,"Richland, LA",(D)
22085,"Sabine, LA",(D)
22087,"St. Bernard, LA",41821
22089,"St. Charles, LA",41184
22091,"St. Helena, LA",(D)
22093,"St. James, LA",14870
22095,"St. John the Baptist, LA",40724
22097,"St. Landry, LA",82999
22099,"St. Martin, LA",41239
22101,"St. Mary, LA",49739
22103,"St. Tammany, LA",512798
22105,"Tangipahoa, LA",187760
22107,"Tensas, LA",(D)
22109,"Terrebonne, LA",183405
22111,"Union, LA",7619
22113,"Vermilion, LA",33254
22115,"Vernon, LA",(D)
22117,"Washington, LA",23676
22119,"Webster, LA",26902
22121,"West Baton Rouge, LA",46201
22123,"West Carroll, LA",(D)
22125,"West Feliciana, LA",(D)
22127,"Winn, LA",6983
23001,"Androscoggin, ME",187878
23003,"Aroostook, ME",90256
23005,"Cumberland, ME",1165205
23007,"Franklin, ME",69884
23009,"Hancock, ME",326974
23011,"Kennebec, ME",311238
23013,"Knox, ME",131272
23015,"Lincoln, ME",116857
23017,"Oxford, ME",145297
23019,"Penobscot, ME",372352
23021,"Piscataquis, ME",26638
23023,"Sagadahoc, ME",72853
23025,"Somerset, ME",53323
23027,"Waldo, ME",51615
23029,"Washington, ME",30971
23031,"York, ME",808536
24001,"Allegany, MD",176454
24003,"Anne Arundel, MD",1802728
24005,"Baltimore, MD",1419034
24009,"Calvert, MD",137405
24011,"Caroline, MD",(D)
24013,"Carroll, MD",242928
24015,"Cecil, MD",175804
24017,"Charles, MD",249888
24019,"Dorchester, MD",89402
24021,"Frederick, MD",(D)
24023,"Garrett, MD",61730
24025,"Harford, MD",375848
24027,"Howard, MD",716457
24029,"Kent, MD",33551
24031,"Montgomery, MD",2559389
24033,"Prince George's, MD",2055206
24035,"Queen Anne's, MD",128717
24037,"St. Mary's, MD",170207
24039,"Somerset, MD",(D)
24041,"Talbot, MD",143292
24043,"Washington, MD",275561
24045,"Wicomico, MD",215451
24047,"Worcester, MD",516510
24510,"Baltimore (Independent City), MD",1553029
25001,"Barnstable, MA",1233842
25003,"Berkshire, MA",418741
25005,"Bristol, MA",1058582
25007,"Dukes, MA",148055
25009,"Essex, MA",1779761
25011,"Franklin, MA",81913
25013,"Hampden, MA",798860
25015,"Hampshire, MA",290279
25017,"Middlesex, MA",4259102
25019,"Nantucket, MA",228307
25021,"Norfolk, MA",1663924
25023,"Plymouth, MA",1094535
25025,"Suffolk, MA",6093449
25027,"Worcester, MA",1435307
26001,"Alcona, MI",4928
26003,"Alger, MI",27302
26005,"Allegan, MI",132360
26007,"Alpena, MI",52239
26009,"Antrim, MI",48185
26011,"Arenac, MI",63833
26013,"Baraga, MI",(D)
26015,"Barry, MI",43585
26017,"Bay, MI",153037
26019,"Benzie, MI",88087
26021,"Berrien, MI",281792
26023,"Branch, MI",62881
26025,"Calhoun, MI",169294
26027,"Cass, MI",32320
26029,"Charlevoix, MI",187782
26031,"Cheboygan, MI",92463
26033,"Chippewa, MI",62412
26035,"Clare, MI",28773
26037,"Clinton, MI",56243
26039,"Crawford, MI",20447
26041,"Delta, MI",40663
26043,"Dickinson, MI",39891
26045,"Eaton, MI",150227
26047,"Emmet, MI",233444
26049,"Genesee, MI",492216
26051,"Gladwin, MI",13035
26053,"Gogebic, MI",41719
26055,"Grand Traverse, MI",401402
26057,"Gratiot, MI",21872
26059,"Hillsdale, MI",24430
26061,"Houghton, MI",51714
26063,"Huron, MI",26554
26065,"Ingham, MI",435368
26067,"Ionia, MI",41176
26069,"Iosco, MI",29807
26071,"Iron, MI",9058
26073,"Isabella, MI",165952
26075,"Jackson, MI",183462
26077,"Kalamazoo, MI",470120
26079,"Kalkaska, MI",16722
26081,"Kent, MI",1480449
26083,"Keweenaw, MI",(D)
26085,"Lake, MI",8309
26087,"Lapeer, MI",84548
26089,"Leelanau, MI",66236
26091,"Lenawee, MI",80174
26093,"Livingston, MI",304450
26095,"Luce, MI",(D)
26097,"Mackinac, MI",154192
26099,"Macomb, MI",1190053
26101,"Manistee, MI",31980
26103,"Marquette, MI",139566
26105,"Mason, MI",47380
26107,"Mecosta, MI",40699
26109,"Menominee, MI",16708
26111,"Midland, MI",120515
26113,"Missaukee, MI",(D)
26115,"Monroe, MI",150038
26117,"Montcalm, MI",64098
26119,"Montmorency, MI",5339
26121,"Muskegon, MI",266471
26123,"Newaygo, MI",25973
26125,"Oakland, MI",3051853
26127,"Oceana, MI",41230
26129,"Ogemaw, MI",23162
26131,"Ontonagon, MI",7528
26133,"Osceola, MI",9059
26135,"Oscoda, MI",(D)
26137,"Otsego, MI",62423
26139,"Ottawa, MI",416433
26141,"Presque Isle, MI",(D)
26143,"Roscommon, MI",34133
26145,"Saginaw, MI",323245
26147,"St. Clair, MI",165030
26149,"St. Joseph, MI",56243
26151,"Sanilac, MI",25257
26153,"Schoolcraft, MI",(D)
26155,"Shiawassee, MI",52339
26157,"Tuscola, MI",29763
26159,"Van Buren, MI",92097
26161,"Washtenaw, MI",796238
26163,"Wayne, MI",3938804
26165,"Wexford, MI",65255
27001,"Aitkin, MN",19212
27003,"Anoka, MN",432884
27005,"Becker, MN",57607
27007,"Beltrami, MN",76307
27009,"Benton, MN",42838
27011,"Big Stone, MN",(D)
27013,"Blue Earth, MN",139399
27015,"Brown, MN",35265
27017,"Carlton, MN",31445
27019,"Carver, MN",157420
27021,"Cass, MN",100900
27023,"Chippewa, MN",10817
27025,"Chisago, MN",59067
27027,"Clay, MN",76297
27029,"Clearwater, MN",(D)
27031,"Cook, MN",65318
27033,"Cottonwood, MN",7957
27035,"Crow Wing, MN",204030
27037,"Dakota, MN",724138
27039,"Dodge, MN",13515
27041,"Douglas, MN",84055
27043,"Faribault, MN",9330
27045,"Fillmore, MN",19172
27047,"Freeborn, MN",45352
27049,"Goodhue, MN",114851
27051,"Grant, MN",1133
27053,"Hennepin, MN",4019539
27055,"Houston, MN",9631
27057,"Hubbard, MN",28159
27059,"Isanti, MN",33340
27061,"Itasca, MN",57702
27063,"Jackson, MN",7505
27065,"Kanabec, MN",9184
27067,"Kandiyohi, MN",86110
27069,"Kittson, MN",1435
27071,"Koochiching, MN",22280
27073,"Lac qui Parle, MN",2274
27075,"Lake, MN",43034
27077,"Lake of the Woods, MN",34035
27079,"Le Sueur, MN",14039
27081,"Lincoln, MN",(D)
27083,"Lyon, MN",38837
27085,"McLeod, MN",41657
27087,"Mahnomen, MN",(D)
27089,"Marshall, MN",2665
27091,"Martin, MN",24928
27093,"Meeker, MN",14948
27095,"Mille Lacs, MN",41323
27097,"Morrison, MN",30978
27099,"Mower, MN",35871
27101,"Murray, MN",5657
27103,"Nicollet, MN",27897
27105,"Nobles, MN",21455
27107,"Norman, MN",1388
27109,"Olmsted, MN",443807
27111,"Otter Tail, MN",70990
27113,"Pennington, MN",17718
27115,"Pine, MN",38770
27117,"Pipestone, MN",8508
27119,"Polk, MN",31370
27121,"Pope, MN",13170
27123,"Ramsey, MN",1175757
27125,"Red Lake, MN",(D)
27127,"Redwood, MN",9477
27129,"Renville, MN",4461
27131,"Rice, MN",82899
27133,"Rock, MN",6894
27135,"Roseau, MN",13526
27137,"St. Louis, MN",472922
27139,"Scott, MN",212276
27141,"Sherburne, MN",92364
27143,"Sibley, MN",4870
27145,"Stearns, MN",255314
27147,"Steele, MN",52403
27149,"Stevens, MN",10662
27151,"Swift, MN",16825
27153,"Todd, MN",11759
27155,"Traverse, MN",(D)
27157,"Wabasha, MN",17718
27159,"Wadena, MN",11525
27161,"Waseca, MN",12317
27163,"Washington, MN",446400
27165,"Watonwan, MN",5889
27167,"Wilkin, MN",3524
27169,"Winona, MN",75233
27171,"Wright, MN",173451
27173,"Yellow Medicine, MN",26169
28001,"Adams, MS",57086
28003,"Alcorn, MS",64408
28005,"Amite, MS",2144
28007,"Attala, MS",16095
28009,"Benton, MS",(D)
28011,"Bolivar, MS",40765
28013,"Calhoun, MS",(D)
28015,"Carroll, MS",(D)
28017,"Chickasaw, MS",(D)
28019,"Choctaw, MS",2167
28021,"Claiborne, MS",(D)
28023,"Clarke, MS",(D)
28025,"Clay, MS",19734
28027,"Coahoma, MS",46590
28029,"Copiah, MS",18162
28031,"Covington, MS",13627
28033,"DeSoto, MS",429382
28035,"Forrest, MS",165680
28037,"Franklin, MS",(D)
28039,"George, MS",(D)
28041,"Greene, MS",3284
28043,"Grenada, MS",43775
28045,"Hancock, MS",148288
28047,"Harrison, MS",1578528
28049,"Hinds, MS",341520
28051,"Holmes, MS",(D)
28053,"Humphreys, MS",(D)
28055,"Issaquena, MS",12
28057,"Itawamba, MS",17183
28059,"Jackson, MS",200392
28061,"Jasper, MS",(D)
28063,"Jefferson, MS",(D)
28065,"Jefferson Davis, MS",(D)
28067,"Jones, MS",76260
28069,"Kemper, MS",2296
28071,"Lafayette, MS",190704
28073,"Lamar, MS",148791
28075,"Lauderdale, MS",146945
28077,"Lawrence, MS",4589
28079,"Leake, MS",(D)
28081,"Lee, MS",204962
28083,"Leflore, MS",59684
28085,"Lincoln, MS",44928
28087,"Lowndes, MS",96244
28089,"Madison, MS",283131
28091,"Marion, MS",21738
28093,"Marshall, MS",15490
28095,"Monroe, MS",26053
28097,"Montgomery, MS",9252
28099,"Neshoba, MS",31410
28101,"Newton, MS",10631
28103,"Noxubee, MS",(D)
28105,"Oktibbeha, MS",131679
28107,"Panola, MS",33016
28109,"Pearl River, MS",43359
28111,"Perry, MS",3999
28113,"Pike, MS",51659
28115,"Pontotoc, MS",20670
28117,"Prentiss, MS",22655
28119,"Quitman, MS",1567
28121,"Rankin, MS",315677
28123,"Scott, MS",(D)
28125,"Sharkey, MS",(D)
28127,"Simpson, MS",23712
28129,"Smith, MS",4835
28131,"Stone, MS",(D)
28133,"Sunflower, MS",16090
28135,"Tallahatchie, MS",4937
28137,"Tate, MS",22804
28139,"Tippah, MS",(D)
28141,"Tishomingo, MS",12181
28143,"Tunica, MS",(D)
28145,"Union, MS",50878
28147,"Walthall, MS",(D)
28149,"Warren, MS",219739
28151,"Washington, MS",77346
28153,"Wayne, MS",(D)
28155,"Webster, MS",6047
28157,"Wilkinson, MS",(D)
28159,"Winston, MS",13666
28161,"Yalobusha, MS",(D)
28163,"Yazoo, MS",14054
29001,"Adair, MO",36082
29003,"Andrew, MO",(D)
29005,"Atchison, MO",3356
29007,"Audrain, MO",19155
29009,"Barry, MO",37664
29011,"Barton, MO",(D)
29013,"Bates, MO",13772
29015,"Benton, MO",16091
29017,"Bollinger, MO",3118
29019,"Boone, MO",430850
29021,"Buchanan, MO",164216
29023,"Butler, MO",72832
29025,"Caldwell, MO",(D)
29027,"Callaway, MO",38711
29029,"Camden, MO",178531
29031,"Cape Girardeau, MO",171424
29033,"Carroll, MO",5290
29035,"Carter, MO",(D)
29037,"Cass, MO",127821
29039,"Cedar, MO",8803
29041,"Chariton, MO",(D)
29043,"Christian, MO",97858
29045,"Clark, MO",3368
29047,"Clay, MO",512287
29049,"Clinton, MO",12254
29051,"Cole, MO",141880
29053,"Cooper, MO",48917
29055,"Crawford, MO",25721
29057,"Dade, MO",2929
29059,"Dallas, MO",(D)
29061,"Daviess, MO",2791
29063,"DeKalb, MO",8392
29065,"Dent, MO",11701
29067,"Douglas, MO",7292
29069,"Dunklin, MO",24185
29071,"Franklin, MO",131256
29073,"Gasconade, MO",(D)
29075,"Gentry, MO",(D)
29077,"Greene, MO",820435
29079,"Grundy, MO",(D)
29081,"Harrison, MO",(D)
29083,"Henry, MO",24960
29085,"Hickory, MO",3657
29087,"Holt, MO",(D)
29089,"Howard, MO",3725
29091,"Howell, MO",42602
29093,"Iron, MO",8678
29095,"Jackson, MO",1812379
29097,"Jasper, MO",198340
29099,"Jefferson, MO",223669
29101,"Johnson, MO",68763
29103,"Knox, MO",(D)
29105,"Laclede, MO",45418
29107,"Lafayette, MO",19914
29109,"Lawrence, MO",24459
29111,"Lewis, MO",4150
29113,"Lincoln, MO",34322
29115,"Linn, MO",(D)
29117,"Livingston, MO",14361
29119,"McDonald, MO",13074
29121,"Macon, MO",21115
29123,"Madison, MO",(D)
29125,"Maries, MO",(D)
29127,"Marion, MO",52903
29129,"Mercer, MO",(D)
29131,"Miller, MO",27182
29133,"Mississippi, MO",(D)
29135,"Moniteau, MO",8720
29137,"Monroe, MO",3918
29139,"Montgomery, MO",(D)
29141,"Morgan, MO",25220
29143,"New Madrid, MO",(D)
29145,"Newton, MO",79512
29147,"Nodaway, MO",27871
29149,"Oregon, MO",5454
29151,"Osage, MO",(D)
29153,"Ozark, MO",9190
29155,"Pemiscot, MO",(D)
29157,"Perry, MO",20640
29159,"Pettis, MO",57960
29161,"Phelps, MO",76567
29163,"Pike, MO",12310
29165,"Platte, MO",270778
29167,"Polk, MO",21272
29169,"Pulaski, MO",119186
29171,"Putnam, MO",(D)
29173,"Ralls, MO",4064
29175,"Randolph, MO",(D)
29177,"Ray, MO",11335
29179,"Reynolds, MO",9254
29181,"Ripley, MO",7271
29183,"St. Charles, MO",800023
29185,"St. Clair, MO",3941
29186,"Ste. Genevieve, MO",14101
29187,"St. Francois, MO",81611
29189,"St. Louis, MO",2541492
29195,"Saline, MO",18188
29197,"Schuyler, MO",(D)
29199,"Scotland, MO",1447
29201,"Scott, MO",49543
29203,"Shannon, MO",(D)
29205,"Shelby, MO",(D)
29207,"Stoddard, MO",26205
29209,"Stone, MO",51930
29211,"Sullivan, MO",(D)
29213,"Taney, MO",600787
29215,"Texas, MO",(D)
29217,"Vernon, MO",(D)
29219,"Warren, MO",29312
29221,"Washington, MO",9708
29223,"Wayne, MO",9416
29225,"Webster, MO",29244
29227,"Worth, MO",415
29229,"Wright, MO",(D)
29510,"St. Louis (Independent City), MO",1164508
30001,"Beaverhead, MT",18118
30003,"Big Horn, MT",14332
30005,"Blaine, MT",(D)
30007,"Broadwater, MT",8652
30009,"Carbon, MT",28285
30011,"Carter, MT",1014
30013,"Cascade, MT",159649
30015,"Chouteau, MT",4581
30017,"Custer, MT",30575
30019,"Daniels, MT",715
30021,"Dawson, MT",17994
30023,"Deer Lodge, MT",11973
30025,"Fallon, MT",(D)
30027,"Fergus, MT",18860
30029,"Flathead, MT",353839
30031,"Gallatin, MT",545558
30033,"Garfield, MT",(D)
30035,"Glacier, MT",24881
30037,"Golden Valley, MT",(D)
30039,"Granite, MT",(D)
30041,"Hill, MT",22535
30043,"Jefferson, MT",8700
30045,"Judith Basin, MT",1434
30047,"Lake, MT",31274
30049,"Lewis and Clark, MT",152133
30051,"Liberty, MT",696
30053,"Lincoln, MT",23936
30055,"McCone, MT",1659
30057,"Madison, MT",248320
30059,"Meagher, MT",2984
30061,"Mineral, MT",6902
30063,"Missoula, MT",400599
30065,"Musselshell, MT",2245
30067,"Park, MT",100688
30069,"Petroleum, MT",60
30071,"Phillips, MT",5143
30073,"Pondera, MT",2982
30075,"Powder River, MT",2261
30077,"Powell, MT",8910
30079,"Prairie, MT",(D)
30081,"Ravalli, MT",47399
30083,"Richland, MT",18431
30085,"Roosevelt, MT",11063
30087,"Rosebud, MT",6192
30089,"Sanders, MT",21322
30091,"Sheridan, MT",(D)
30093,"Silver Bow, MT",89543
30095,"Stillwater, MT",9726
30097,"Sweet Grass, MT",6780
30099,"Teton, MT",6218
30101,"Toole, MT",7928
30103,"Treasure, MT",(D)
30105,"Valley, MT",18384
30107,"Wheatland, MT",1403
30109,"Wibaux, MT",1479
30111,"Yellowstone, MT",465081
31001,"Adams, NE",53572
31003,"Antelope, NE",1624
31005,"Arthur, NE",(D)
31007,"Banner, NE",(D)
31009,"Blaine, NE",(D)
31011,"Boone, NE",(D)
31013,"Box Butte, NE",(D)
31015,"Boyd, NE",912
31017,"Brown, NE",(D)
31019,"Buffalo, NE",144592
31021,"Burt, NE",2849
31023,"Butler, NE",4151
31025,"Cass, NE",18694
31027,"Cedar, NE",2787
31029,"Chase, NE",(D)
31031,"Cherry, NE",(D)
31033,"Cheyenne, NE",(D)
31035,"Clay, NE",2052
31037,"Colfax, NE",5765
31039,"Cuming, NE",8125
31041,"Custer, NE",12935
31043,"Dakota, NE",31817
31045,"Dawes, NE",(D)
31047,"Dawson, NE",32699
31049,"Deuel, NE",(D)
31051,"Dixon, NE",628
31053,"Dodge, NE",54441
31055,"Douglas, NE",1491443
31057,"Dundy, NE",(D)
31059,"Fillmore, NE",(D)
31061,"Franklin, NE",1875
31063,"Frontier, NE",(D)
31065,"Furnas, NE",(D)
31067,"Gage, NE",19650
31069,"Garden, NE",(D)
31071,"Garfield, NE",(D)
31073,"Gosper, NE",(D)
31075,"Grant, NE",(D)
31077,"Greeley, NE",(D)
31079,"Hall, NE",122543
31081,"Hamilton, NE",6212
31083,"Harlan, NE",(D)
31085,"Hayes, NE",(D)
31087,"Hitchcock, NE",642
31089,"Holt, NE",14619
31091,"Hooker, NE",(D)
31093,"Howard, NE",(D)
31095,"Jefferson, NE",(D)
31097,"Johnson, NE",(D)
31099,"Kearney, NE",3392
31101,"Keith, NE",24366
31103,"Keya Paha, NE",(D)
31105,"Kimball, NE",(D)
31107,"Knox, NE",(D)
31109,"Lancaster, NE",718460
31111,"Lincoln, NE",83551
31113,"Logan, NE",(D)
31115,"Loup, NE",1928
31117,"McPherson, NE",118
31119,"Madison, NE",70914
31121,"Merrick, NE",3823
31123,"Morrill, NE",3415
31125,"Nance, NE",1478
31127,"Nemaha, NE",7453
31129,"Nuckolls, NE",2843
31131,"Otoe, NE",35275
31133,"Pawnee, NE",(D)
31135,"Perkins, NE",(D)
31137,"Phelps, NE",9126
31139,"Pierce, NE",(D)
31141,"Platte, NE",49480
31143,"Polk, NE",(D)
31145,"Red Willow, NE",21823
31147,"Richardson, NE",7454
31149,"Rock, NE",(D)
31151,"Saline, NE",8125
31153,"Sarpy, NE",326482
31155,"Saunders, NE",12411
31157,"Scotts Bluff, NE",67881
31159,"Seward, NE",14265
31161,"Sheridan, NE",(D)
31163,"Sherman, NE",1583
31165,"Sioux, NE",(D)
31167,"Stanton, NE",1043
31169,"Thayer, NE",(D)
31171,"Thomas, NE",(D)
31173,"Thurston, NE",(D)
31175,"Valley, NE",(D)
31177,"Washington, NE",15220
31179,"Wayne, NE",12455
31181,"Webster, NE",(D)
31183,"Wheeler, NE",(D)
31185,"York, NE",30699
32001,"Churchill, NV",47085
32003,"Clark, NV",23590641
32005,"Douglas, NV",368428
32007,"Elko, NV",327994
32009,"Esmeralda, NV",(D)
32011,"Eureka, NV",1951
32013,"Humboldt, NV",57355
32015,"Lander, NV",5924
32017,"Lincoln, NV",(D)
32019,"Lyon, NV",53681
32021,"Mineral, NV",(D)
32023,"Nye, NV",87905
32027,"Pershing, NV",(D)
32029,"Storey, NV",9303
32031,"Washoe, NV",2216814
32033,"White Pine, NV",26093
32510,"Carson City (Independent City), NV",178523
33001,"Belknap, NH",272667
33003,"Carroll, NH",393546
33005,"Cheshire, NH",134448
33007,"Coos, NH",146474
33009,"Grafton, NH",502125
33011,"Hillsborough, NH",962144
33013,"Merrimack, NH",269938
33015,"Rockingham, NH",1323476
33017,"Strafford, NH",239065
33019,"Sullivan, NH",51566
34001,"Atlantic, NJ",3210135
34003,"Bergen, NJ",1931831
34005,"Burlington, NJ",690880
34007,"Camden, NJ",755871
34009,"Cape May, NJ",770685
34011,"Cumberland, NJ",152390
34013,"Essex, NJ",1533123
34015,"Gloucester, NJ",488759
34017,"Hudson, NJ",1234533
34019,"Hunterdon, NJ",175157
34021,"Mercer, NJ",670231
34023,"Middlesex, NJ",1307468
34025,"Monmouth, NJ",1427178
34027,"Morris, NJ",1493370
34029,"Ocean, NJ",930399
34031,"Passaic, NJ",600440
34033,"Salem, NJ",52023
34035,"Somerset, NJ",663519
34037,"Sussex, NJ",227465
34039,"Union, NJ",869684
34041,"Warren, NJ",140110
35001,"Bernalillo, NM",1640260
35003,"Catron, NM",(D)
35005,"Chaves, NM",134898
35006,"Cibola, NM",26115
35007,"Colfax, NM",85682
35009,"Curry, NM",81408
35011,"De Baca, NM",(D)
35013,"Do√±a Ana, NM",593078
35015,"Eddy, NM",135956
35017,"Grant, NM",(D)
35019,"Guadalupe, NM",(D)
35021,"Harding, NM",(D)
35023,"Hidalgo, NM",(D)
35025,"Lea, NM",170897
35027,"Lincoln, NM",69009
35028,"Los Alamos, NM",22625
35029,"Luna, NM",29151
35031,"McKinley, NM",132916
35033,"Mora, NM",(D)
35035,"Otero, NM",68467
35037,"Quay, NM",(D)
35039,"Rio Arriba, NM",46321
35041,"Roosevelt, NM",20504
35043,"Sandoval, NM",220632
35045,"San Juan, NM",196408
35047,"San Miguel, NM",(D)
35049,"Santa Fe, NM",578085
35051,"Sierra, NM",(D)
35053,"Socorro, NM",(D)
35055,"Taos, NM",107421
35057,"Torrance, NM",11101
35059,"Union, NM",6028
35061,"Valencia, NM",64060
36001,"Albany, NY",781349
36003,"Allegany, NY",55744
36005,"Bronx, NY",943434
36007,"Broome, NY",337614
36009,"Cattaraugus, NY",131199
36011,"Cayuga, NY",96569
36013,"Chautauqua, NY",218141
36015,"Chemung, NY",125094
36017,"Chenango, NY",32850
36019,"Clinton, NY",131617
36021,"Columbia, NY",114179
36023,"Cortland, NY",113632
36025,"Delaware, NY",46650
36027,"Dutchess, NY",567966
36029,"Erie, NY",1980292
36031,"Essex, NY",172022
36033,"Franklin, NY",68152
36035,"Fulton, NY",45507
36037,"Genesee, NY",85001
36039,"Greene, NY",110852
36041,"Hamilton, NY",16346
36043,"Herkimer, NY",71688
36045,"Jefferson, NY",189879
36047,"Kings, NY",3654550
36049,"Lewis, NY",24892
36051,"Livingston, NY",78135
36053,"Madison, NY",89869
36055,"Monroe, NY",1221605
36057,"Montgomery, NY",44713
36059,"Nassau, NY",3169203
36061,"New York, NY",26586964
36063,"Niagara, NY",378142
36065,"Oneida, NY",360980
36067,"Onondaga, NY",926580
36069,"Ontario, NY",238502
36071,"Orange, NY",597114
36073,"Orleans, NY",29367
36075,"Oswego, NY",138261
36077,"Otsego, NY",133360
36079,"Putnam, NY",107170
36081,"Queens, NY",3346609
36083,"Rensselaer, NY",215698
36085,"Richmond, NY",450469
36087,"Rockland, NY",512299
36089,"St. Lawrence, NY",121706
36091,"Saratoga, NY",559283
36093,"Schenectady, NY",265650
36095,"Schoharie, NY",84962
36097,"Schuyler, NY",37672
36099,"Seneca, NY",134897
36101,"Steuben, NY",123796
36103,"Suffolk, NY",3335777
36105,"Sullivan, NY",246123
36107,"Tioga, NY",72918
36109,"Tompkins, NY",195591
36111,"Ulster, NY",391515
36113,"Warren, NY",369352
36115,"Washington, NY",32206
36117,"Wayne, NY",61352
36119,"Westchester, NY",2060218
36121,"Wyoming, NY",32172
36123,"Yates, NY",25596
37001,"Alamance, NC",281707
37003,"Alexander, NC",24007
37005,"Alleghany, NC",7983
37007,"Anson, NC",(D)
37009,"Ashe, NC",26473
37011,"Avery, NC",51174
37013,"Beaufort, NC",81402
37015,"Bertie, NC",5265
37017,"Bladen, NC",28094
37019,"Brunswick, NC",245765
37021,"Buncombe, NC",1111619
37023,"Burke, NC",102674
37025,"Cabarrus, NC",456110
37027,"Caldwell, NC",67861
37029,"Camden, NC",(D)
37031,"Carteret, NC",198210
37033,"Caswell, NC",4917
37035,"Catawba, NC",278009
37037,"Chatham, NC",74835
37039,"Cherokee, NC",43115
37041,"Chowan, NC",14895
37043,"Clay, NC",(D)
37045,"Cleveland, NC",105891
37047,"Columbus, NC",47671
37049,"Craven, NC",167023
37051,"Cumberland, NC",594187
37053,"Currituck, NC",46159
37055,"Dare, NC",348210
37057,"Davidson, NC",151192
37059,"Davie, NC",38544
37061,"Duplin, NC",36396
37063,"Durham, NC",780866
37065,"Edgecombe, NC",42931
37067,"Forsyth, NC",759442
37069,"Franklin, NC",27642
37071,"Gaston, NC",304415
37073,"Gates, NC",(D)
37075,"Graham, NC",(D)
37077,"Granville, NC",42724
37079,"Greene, NC",(D)
37081,"Guilford, NC",1108995
37083,"Halifax, NC",79491
37085,"Harnett, NC",103858
37087,"Haywood, NC",106023
37089,"Henderson, NC",200488
37091,"Hertford, NC",(D)
37093,"Hoke, NC",14844
37095,"Hyde, NC",18831
37097,"Iredell, NC",308252
37099,"Jackson, NC",162106
37101,"Johnston, NC",222877
37103,"Jones, NC",(D)
37105,"Lee, NC",85059
37107,"Lenoir, NC",63784
37109,"Lincoln, NC",92614
37111,"McDowell, NC",57653
37113,"Macon, NC",116545
37115,"Madison, NC",14971
37117,"Martin, NC",(D)
37119,"Mecklenburg, NC",3763107
37121,"Mitchell, NC",13895
37123,"Montgomery, NC",16575
37125,"Moore, NC",296126
37127,"Nash, NC",171598
37129,"New Hanover, NC",802536
37131,"Northampton, NC",(D)
37133,"Onslow, NC",331781
37135,"Orange, NC",279086
37137,"Pamlico, NC",9030
37139,"Pasquotank, NC",(D)
37141,"Pender, NC",69292
37143,"Perquimans, NC",(D)
37145,"Person, NC",35085
37147,"Pitt, NC",352837
37149,"Polk, NC",21180
37151,"Randolph, NC",145854
37153,"Richmond, NC",31242
37155,"Robeson, NC",134820
37157,"Rockingham, NC",81158
37159,"Rowan, NC",184527
37161,"Rutherford, NC",77290
37163,"Sampson, NC",45762
37165,"Scotland, NC",38726
37167,"Stanly, NC",67345
37169,"Stokes, NC",32890
37171,"Surry, NC",100810
37173,"Swain, NC",54291
37175,"Transylvania, NC",71742
37177,"Tyrrell, NC",(D)
37179,"Union, NC",239666
37181,"Vance, NC",49089
37183,"Wake, NC",2911552
37185,"Warren, NC",17201
37187,"Washington, NC",(D)
37189,"Watauga, NC",208010
37191,"Wayne, NC",151497
37193,"Wilkes, NC",64144
37195,"Wilson, NC",137187
37197,"Yadkin, NC",34001
37199,"Yancey, NC",12664
38001,"Adams, ND",(D)
38003,"Barnes, ND",(D)
38005,"Benson, ND",(D)
38007,"Billings, ND",(D)
38009,"Bottineau, ND",8593
38011,"Bowman, ND",5118
38013,"Burke, ND",(D)
38015,"Burleigh, ND",251740
38017,"Cass, ND",643306
38019,"Cavalier, ND",(D)
38021,"Dickey, ND",4106
38023,"Divide, ND",(D)
38025,"Dunn, ND",13909
38027,"Eddy, ND",(D)
38029,"Emmons, ND",1626
38031,"Foster, ND",(D)
38033,"Golden Valley, ND",(D)
38035,"Grand Forks, ND",163615
38037,"Grant, ND",977
38039,"Griggs, ND",2609
38041,"Hettinger, ND",(D)
38043,"Kidder, ND",2040
38045,"LaMoure, ND",1281
38047,"Logan, ND",(D)
38049,"McHenry, ND",3970
38051,"McIntosh, ND",1364
38053,"McKenzie, ND",60776
38055,"McLean, ND",(D)
38057,"Mercer, ND",11466
38059,"Morton, ND",38301
38061,"Mountrail, ND",27429
38063,"Nelson, ND",(D)
38065,"Oliver, ND",(D)
38067,"Pembina, ND",3872
38069,"Pierce, ND",4507
38071,"Ramsey, ND",31298
38073,"Ransom, ND",4313
38075,"Renville, ND",(D)
38077,"Richland, ND",18224
38079,"Rolette, ND",3451
38081,"Sargent, ND",1348
38083,"Sheridan, ND",(D)
38085,"Sioux, ND",493
38087,"Slope, ND",(D)
38089,"Stark, ND",75456
38091,"Steele, ND",(D)
38093,"Stutsman, ND",39613
38095,"Towner, ND",(D)
38097,"Traill, ND",5418
38099,"Walsh, ND",4257
38101,"Ward, ND",149618
38103,"Wells, ND",3395
38105,"Williams, ND",160421
39001,"Adams, OH",22858
39003,"Allen, OH",197932
39005,"Ashland, OH",81286
39007,"Ashtabula, OH",109703
39009,"Athens, OH",101070
39011,"Auglaize, OH",59834
39013,"Belmont, OH",102108
39015,"Brown, OH",31872
39017,"Butler, OH",733001
39019,"Carroll, OH",20442
39021,"Champaign, OH",21721
39023,"Clark, OH",171263
39025,"Clermont, OH",329282
39027,"Clinton, OH",60887
39029,"Columbiana, OH",86512
39031,"Coshocton, OH",22881
39033,"Crawford, OH",41836
39035,"Cuyahoga, OH",2788324
39037,"Darke, OH",47152
39039,"Defiance, OH",56152
39041,"Delaware, OH",578024
39043,"Erie, OH",271051
39045,"Fairfield, OH",251374
39047,"Fayette, OH",53735
39049,"Franklin, OH",4014050
39051,"Fulton, OH",56482
39053,"Gallia, OH",34938
39055,"Geauga, OH",106764
39057,"Greene, OH",355219
39059,"Guernsey, OH",72024
39061,"Hamilton, OH",2020971
39063,"Hancock, OH",162560
39065,"Hardin, OH",25239
39067,"Harrison, OH",7426
39069,"Henry, OH",19144
39071,"Highland, OH",37218
39073,"Hocking, OH",61774
39075,"Holmes, OH",59935
39077,"Huron, OH",59785
39079,"Jackson, OH",39466
39081,"Jefferson, OH",60581
39083,"Knox, OH",69055
39085,"Lake, OH",395858
39087,"Lawrence, OH",44495
39089,"Licking, OH",214229
39091,"Logan, OH",59435
39093,"Lorain, OH",360388
39095,"Lucas, OH",913907
39097,"Madison, OH",47889
39099,"Mahoning, OH",444076
39101,"Marion, OH",79314
39103,"Medina, OH",228280
39105,"Meigs, OH",(D)
39107,"Mercer, OH",42422
39109,"Miami, OH",159184
39111,"Monroe, OH",(D)
39113,"Montgomery, OH",974182
39115,"Morgan, OH",(D)
39117,"Morrow, OH",14217
39119,"Muskingum, OH",188277
39121,"Noble, OH",(D)
39123,"Ottawa, OH",113897
39125,"Paulding, OH",6644
39127,"Perry, OH",16501
39129,"Pickaway, OH",62241
39131,"Pike, OH",24299
39133,"Portage, OH",228086
39135,"Preble, OH",38144
39137,"Putnam, OH",22991
39139,"Richland, OH",177724
39141,"Ross, OH",164801
39143,"Sandusky, OH",79684
39145,"Scioto, OH",97798
39147,"Seneca, OH",67670
39149,"Shelby, OH",44912
39151,"Stark, OH",664709
39153,"Summit, OH",958981
39155,"Trumbull, OH",257669
39157,"Tuscarawas, OH",136402
39159,"Union, OH",77529
39161,"Van Wert, OH",21231
39163,"Vinton, OH",(D)
39165,"Warren, OH",493939
39167,"Washington, OH",97087
39169,"Wayne, OH",125833
39171,"Williams, OH",34531
39173,"Wood, OH",257698
39175,"Wyandot, OH",15856
40001,"Adair, OK",10638
40003,"Alfalfa, OK",2964
40005,"Atoka, OK",(D)
40007,"Beaver, OK",(D)
40009,"Beckham, OK",39552
40011,"Blaine, OK",(D)
40013,"Bryan, OK",92694
40015,"Caddo, OK",(D)
40017,"Canadian, OK",215305
40019,"Carter, OK",94975
40021,"Cherokee, OK",39410
40023,"Choctaw, OK",11988
40025,"Cimarron, OK",1083
40027,"Cleveland, OK",561730
40029,"Coal, OK",3017
40031,"Comanche, OK",223429
40033,"Cotton, OK",2587
40035,"Craig, OK",16426
40037,"Creek, OK",59566
40039,"Custer, OK",44117
40041,"Delaware, OK",39581
40043,"Dewey, OK",3995
40045,"Ellis, OK",(D)
40047,"Garfield, OK",89846
40049,"Garvin, OK",(D)
40051,"Grady, OK",41903
40053,"Grant, OK",(D)
40055,"Greer, OK",1294
40057,"Harmon, OK",509
40059,"Harper, OK",880
40061,"Haskell, OK",(D)
40063,"Hughes, OK",(D)
40065,"Jackson, OK",40889
40067,"Jefferson, OK",2546
40069,"Johnston, OK",(D)
40071,"Kay, OK",61135
40073,"Kingfisher, OK",13972
40075,"Kiowa, OK",(D)
40077,"Latimer, OK",(D)
40079,"Le Flore, OK",27058
40081,"Lincoln, OK",21891
40083,"Logan, OK",32526
40085,"Love, OK",(D)
40087,"McClain, OK",63077
40089,"McCurtain, OK",46608
40091,"McIntosh, OK",19395
40093,"Major, OK",4072
40095,"Marshall, OK",16302
40097,"Mayes, OK",52317
40099,"Murray, OK",13429
40101,"Muskogee, OK",96548
40103,"Noble, OK",(D)
40105,"Nowata, OK",(D)
40107,"Okfuskee, OK",(D)
40109,"Oklahoma, OK",2119916
40111,"Okmulgee, OK",33693
40113,"Osage, OK",31119
40115,"Ottawa, OK",55748
40117,"Pawnee, OK",(D)
40119,"Payne, OK",194628
40121,"Pittsburg, OK",55142
40123,"Pontotoc, OK",73252
40125,"Pottawatomie, OK",409209
40127,"Pushmataha, OK",(D)
40129,"Roger Mills, OK",725
40131,"Rogers, OK",83557
40133,"Seminole, OK",19231
40135,"Sequoyah, OK",35140
40137,"Stephens, OK",47477
40139,"Texas, OK",(D)
40141,"Tillman, OK",(D)
40143,"Tulsa, OK",1605546
40145,"Wagoner, OK",32531
40147,"Washington, OK",89426
40149,"Washita, OK",(D)
40151,"Woods, OK",12352
40153,"Woodward, OK",39225
41001,"Baker, OR",27864
41003,"Benton, OR",178070
41005,"Clackamas, OR",815177
41007,"Clatsop, OR",329868
41009,"Columbia, OR",59925
41011,"Coos, OR",176331
41013,"Crook, OR",52068
41015,"Curry, OR",60162
41017,"Deschutes, OR",723579
41019,"Douglas, OR",162077
41021,"Gilliam, OR",(D)
41023,"Grant, OR",6669
41025,"Harney, OR",17633
41027,"Hood River, OR",95689
41029,"Jackson, OR",471088
41031,"Jefferson, OR",33812
41033,"Josephine, OR",259064
41035,"Klamath, OR",150928
41037,"Lake, OR",(D)
41039,"Lane, OR",882071
41041,"Lincoln, OR",292997
41043,"Linn, OR",159059
41045,"Malheur, OR",59012
41047,"Marion, OR",617471
41049,"Morrow, OR",(D)
41051,"Multnomah, OR",3435459
41053,"Polk, OR",89198
41055,"Sherman, OR",(D)
41057,"Tillamook, OR",84376
41059,"Umatilla, OR",119867
41061,"Union, OR",37730
41063,"Wallowa, OR",14385
41065,"Wasco, OR",65145
41067,"Washington, OR",1352987
41069,"Wheeler, OR",670
41071,"Yamhill, OR",209178
42001,"Adams, PA",177820
42003,"Allegheny, PA",2831764
42005,"Armstrong, PA",41981
42007,"Beaver, PA",170432
42009,"Bedford, PA",69020
42011,"Berks, PA",586574
42013,"Blair, PA",191768
42015,"Bradford, PA",58107
42017,"Bucks, PA",1063370
42019,"Butler, PA",321785
42021,"Cambria, PA",139165
42023,"Cameron, PA",(D)
42025,"Carbon, PA",77485
42027,"Centre, PA",427812
42029,"Chester, PA",782231
42031,"Clarion, PA",48560
42033,"Clearfield, PA",85816
42035,"Clinton, PA",40416
42037,"Columbia, PA",115719
42039,"Crawford, PA",78984
42041,"Cumberland, PA",474020
42043,"Dauphin, PA",766590
42045,"Delaware, PA",901994
42047,"Elk, PA",26265
42049,"Erie, PA",480622
42051,"Fayette, PA",228872
42053,"Forest, PA",5641
42055,"Franklin, PA",177655
42057,"Fulton, PA",(D)
42059,"Greene, PA",29991
42061,"Huntingdon, PA",45950
42063,"Indiana, PA",90767
42065,"Jefferson, PA",34612
42067,"Juniata, PA",33614
42069,"Lackawanna, PA",355242
42071,"Lancaster, PA",969019
42073,"Lawrence, PA",80793
42075,"Lebanon, PA",156007
42077,"Lehigh, PA",645362
42079,"Luzerne, PA",614260
42081,"Lycoming, PA",163002
42083,"McKean, PA",40342
42085,"Mercer, PA",152787
42087,"Mifflin, PA",39615
42089,"Monroe, PA",785229
42091,"Montgomery, PA",1713445
42093,"Montour, PA",27680
42095,"Northampton, PA",797772
42097,"Northumberland, PA",52332
42099,"Perry, PA",26746
42101,"Philadelphia, PA",3578166
42103,"Pike, PA",129994
42105,"Potter, PA",10426
42107,"Schuylkill, PA",108523
42109,"Snyder, PA",63046
42111,"Somerset, PA",129329
42113,"Sullivan, PA",4168
42115,"Susquehanna, PA",34620
42117,"Tioga, PA",43569
42119,"Union, PA",82948
42121,"Venango, PA",39444
42123,"Warren, PA",26826
42125,"Washington, PA",307074
42127,"Wayne, PA",122955
42129,"Westmoreland, PA",448534
42131,"Wyoming, PA",31912
42133,"York, PA",566760
44001,"Bristol, RI",83693
44003,"Kent, RI",470450
44005,"Newport, RI",630871
44007,"Providence, RI",1560037
44009,"Washington, RI",424272
45001,"Abbeville, SC",11670
45003,"Aiken, SC",226744
45005,"Allendale, SC",1931
45007,"Anderson, SC",315578
45009,"Bamberg, SC",(D)
45011,"Barnwell, SC",(D)
45013,"Beaufort, SC",831617
45015,"Berkeley, SC",309314
45017,"Calhoun, SC",(D)
45019,"Charleston, SC",2424947
45021,"Cherokee, SC",68767
45023,"Chester, SC",24078
45025,"Chesterfield, SC",40599
45027,"Clarendon, SC",28725
45029,"Colleton, SC",53523
45031,"Darlington, SC",60272
45033,"Dillon, SC",(D)
45035,"Dorchester, SC",185264
45037,"Edgefield, SC",(D)
45039,"Fairfield, SC",(D)
45041,"Florence, SC",332074
45043,"Georgetown, SC",212255
45045,"Greenville, SC",1293679
45047,"Greenwood, SC",100391
45049,"Hampton, SC",(D)
45051,"Horry, SC",2217579
45053,"Jasper, SC",40652
45055,"Kershaw, SC",63445
45057,"Lancaster, SC",89509
45059,"Laurens, SC",47421
45061,"Lee, SC",9191
45063,"Lexington, SC",508308
45065,"McCormick, SC",(D)
45067,"Marion, SC",17285
45069,"Marlboro, SC",(D)
45071,"Newberry, SC",38986
45073,"Oconee, SC",76176
45075,"Orangeburg, SC",142008
45077,"Pickens, SC",271143
45079,"Richland, SC",1111808
45081,"Saluda, SC",7066
45083,"Spartanburg, SC",774079
45085,"Sumter, SC",130730
45087,"Union, SC",(D)
45089,"Williamsburg, SC",(D)
45091,"York, SC",500168
46003,"Aurora, SD",(D)
46005,"Beadle, SD",18978
46007,"Bennett, SD",(D)
46009,"Bon Homme, SD",2224
46011,"Brookings, SD",76696
46013,"Brown, SD",134494
46015,"Brule, SD",18830
46017,"Buffalo, SD",37
46019,"Butte, SD",12638
46021,"Campbell, SD",818
46023,"Charles Mix, SD",7264
46025,"Clark, SD",2682
46027,"Clay, SD",31508
46029,"Codington, SD",59206
46031,"Corson, SD",(D)
46033,"Custer, SD",52940
46035,"Davison, SD",68370
46037,"Day, SD",(D)
46039,"Deuel, SD",3269
46041,"Dewey, SD",3346
46043,"Douglas, SD",(D)
46045,"Edmunds, SD",(D)
46047,"Fall River, SD",12684
46049,"Faulk, SD",(D)
46051,"Grant, SD",8732
46053,"Gregory, SD",7645
46055,"Haakon, SD",(D)
46057,"Hamlin, SD",(D)
46059,"Hand, SD",2778
46061,"Hanson, SD",986
46063,"Harding, SD",(D)
46065,"Hughes, SD",45611
46067,"Hutchinson, SD",(D)
46069,"Hyde, SD",(D)
46071,"Jackson, SD",(D)
46073,"Jerauld, SD",(D)
46075,"Jones, SD",(D)
46077,"Kingsbury, SD",3981
46079,"Lake, SD",15866
46081,"Lawrence, SD",263052
46083,"Lincoln, SD",92633
46085,"Lyman, SD",19220
46087,"McCook, SD",(D)
46089,"McPherson, SD",319
46091,"Marshall, SD",(D)
46093,"Meade, SD",53391
46095,"Mellette, SD",906
46097,"Miner, SD",(D)
46099,"Minnehaha, SD",642751
46101,"Moody, SD",(D)
46102,"Oglala Lakota, SD*",(D)
46103,"Pennington, SD",484318
46105,"Perkins, SD",(D)
46107,"Potter, SD",(D)
46109,"Roberts, SD",(D)
46111,"Sanborn, SD",572
46115,"Spink, SD",(D)
46117,"Stanley, SD",12714
46119,"Sully, SD",14008
46121,"Todd, SD",(D)
46123,"Tripp, SD",(D)
46125,"Turner, SD",3979
46127,"Union, SD",29658
46129,"Walworth, SD",10643
46135,"Yankton, SD",46976
46137,"Ziebach, SD",(D)
47001,"Anderson, TN",174768
47003,"Bedford, TN",49652
47005,"Benton, TN",14043
47007,"Bledsoe, TN",(D)
47009,"Blount, TN",491007
47011,"Bradley, TN",200118
47013,"Campbell, TN",37248
47015,"Cannon, TN",(D)
47017,"Carroll, TN",25403
47019,"Carter, TN",61157
47021,"Cheatham, TN",32419
47023,"Chester, TN",(D)
47025,"Claiborne, TN",22001
47027,"Clay, TN",5449
47029,"Cocke, TN",43663
47031,"Coffee, TN",141935
47033,"Crockett, TN",(D)
47035,"Cumberland, TN",101825
47037,"Davidson, TN",4901498
47039,"Decatur, TN",9307
47041,"DeKalb, TN",20908
47043,"Dickson, TN",83470
47045,"Dyer, TN",110563
47047,"Fayette, TN",49596
47049,"Fentress, TN",14705
47051,"Franklin, TN",47975
47053,"Gibson, TN",52016
47055,"Giles, TN",35446
47057,"Grainger, TN",(D)
47059,"Greene, TN",75992
47061,"Grundy, TN",(D)
47063,"Hamblen, TN",284722
47065,"Hamilton, TN",1053949
47067,"Hancock, TN",1887
47069,"Hardeman, TN",(D)
47071,"Hardin, TN",34652
47073,"Hawkins, TN",50573
47075,"Haywood, TN",12159
47077,"Henderson, TN",47456
47079,"Henry, TN",(D)
47081,"Hickman, TN",(D)
47083,"Houston, TN",6556
47085,"Humphreys, TN",29560
47087,"Jackson, TN",(D)
47089,"Jefferson, TN",67222
47091,"Johnson, TN",12555
47093,"Knox, TN",1623143
47095,"Lake, TN",(D)
47097,"Lauderdale, TN",13946
47099,"Lawrence, TN",52254
47101,"Lewis, TN",(D)
47103,"Lincoln, TN",38119
47105,"Loudon, TN",102312
47107,"McMinn, TN",69726
47109,"McNairy, TN",(D)
47111,"Macon, TN",(D)
47113,"Madison, TN",265047
47115,"Marion, TN",60204
47117,"Marshall, TN",27386
47119,"Maury, TN",215136
47121,"Meigs, TN",(D)
47123,"Monroe, TN",55532
47125,"Montgomery, TN",393640
47127,"Moore, TN",1857
47129,"Morgan, TN",6238
47131,"Obion, TN",37944
47133,"Overton, TN",19161
47135,"Perry, TN",(D)
47137,"Pickett, TN",3852
47139,"Polk, TN",12264
47141,"Putnam, TN",231028
47143,"Rhea, TN",41860
47145,"Roane, TN",63232
47147,"Robertson, TN",82610
47149,"Rutherford, TN",749559
47151,"Scott, TN",(D)
47153,"Sequatchie, TN",(D)
47155,"Sevier, TN",1432145
47157,"Shelby, TN",2342753
47159,"Smith, TN",(D)
47161,"Stewart, TN",(D)
47163,"Sullivan, TN",402335
47165,"Sumner, TN",322567
47167,"Tipton, TN",38034
47169,"Trousdale, TN",8907
47171,"Unicoi, TN",17139
47173,"Union, TN",7193
47175,"Van Buren, TN",(D)
47177,"Warren, TN",40634
47179,"Washington, TN",403018
47181,"Wayne, TN",10870
47183,"Weakley, TN",37725
47185,"White, TN",74674
47187,"Williamson, TN",946074
47189,"Wilson, TN",298857
48001,"Anderson, TX",63480
48003,"Andrews, TX",20866
48005,"Angelina, TX",151188
48007,"Aransas, TX",62568
48009,"Archer, TX",(D)
48011,"Armstrong, TX",(D)
48013,"Atascosa, TX",47374
48015,"Austin, TX",34427
48017,"Bailey, TX",7035
48019,"Bandera, TX",30614
48021,"Bastrop, TX",168148
48023,"Baylor, TX",(D)
48025,"Bee, TX",33018
48027,"Bell, TX",530741
48029,"Bexar, TX",5648550
48031,"Blanco, TX",23443
48033,"Borden, TX",331
48035,"Bosque, TX",11497
48037,"Bowie, TX",187186
48039,"Brazoria, TX",537252
48041,"Brazos, TX",770312
48043,"Brewster, TX",64989
48045,"Briscoe, TX",470
48047,"Brooks, TX",(D)
48049,"Brown, TX",48276
48051,"Burleson, TX",20010
48053,"Burnet, TX",111607
48055,"Caldwell, TX",50021
48057,"Calhoun, TX",42026
48059,"Callahan, TX",9121
48061,"Cameron, TX",643260
48063,"Camp, TX",7778
48065,"Carson, TX",2708
48067,"Cass, TX",(D)
48069,"Castro, TX",(D)
48071,"Chambers, TX",58435
48073,"Cherokee, TX",46599
48075,"Childress, TX",12214
48077,"Clay, TX",(D)
48079,"Cochran, TX",(D)
48081,"Coke, TX",(D)
48083,"Coleman, TX",(D)
48085,"Collin, TX",2576169
48087,"Collingsworth, TX",(D)
48089,"Colorado, TX",25246
48091,"Comal, TX",397487
48093,"Comanche, TX",(D)
48095,"Concho, TX",3051
48097,"Cooke, TX",70875
48099,"Coryell, TX",69208
48101,"Cottle, TX",(D)
48103,"Crane, TX",1759
48105,"Crockett, TX",7946
48107,"Crosby, TX",(D)
48109,"Culberson, TX",11569
48111,"Dallam, TX",14112
48113,"Dallas, TX",9947537
48115,"Dawson, TX",12206
48117,"Deaf Smith, TX",18452
48119,"Delta, TX",(D)
48121,"Denton, TX",1679087
48123,"DeWitt, TX",25811
48125,"Dickens, TX",(D)
48127,"Dimmit, TX",26948
48129,"Donley, TX",(D)
48131,"Duval, TX",(D)
48133,"Eastland, TX",17719
48135,"Ector, TX",472985
48137,"Edwards, TX",1311
48139,"Ellis, TX",251170
48141,"El Paso, TX",1403820
48143,"Erath, TX",83200
48145,"Falls, TX",(D)
48147,"Fannin, TX",22671
48149,"Fayette, TX",42860
48151,"Fisher, TX",(D)
48153,"Floyd, TX",(D)
48155,"Foard, TX",1061
48157,"Fort Bend, TX",1147646
48159,"Franklin, TX",(D)
48161,"Freestone, TX",20937
48163,"Frio, TX",(D)
48165,"Gaines, TX",(D)
48167,"Galveston, TX",835445
48169,"Garza, TX",(D)
48171,"Gillespie, TX",119336
48173,"Glasscock, TX",(D)
48175,"Goliad, TX",(D)
48177,"Gonzales, TX",(D)
48179,"Gray, TX",23495
48181,"Grayson, TX",266829
48183,"Gregg, TX",296018
48185,"Grimes, TX",21251
48187,"Guadalupe, TX",200666
48189,"Hale, TX",(D)
48191,"Hall, TX",2224
48193,"Hamilton, TX",(D)
48195,"Hansford, TX",1739
48197,"Hardeman, TX",(D)
48199,"Hardin, TX",52283
48201,"Harris, TX",12491724
48203,"Harrison, TX",60129
48205,"Hartley, TX",(D)
48207,"Haskell, TX",(D)
48209,"Hays, TX",492133
48211,"Hemphill, TX",(D)
48213,"Henderson, TX",80107
48215,"Hidalgo, TX",1031009
48217,"Hill, TX",40333
48219,"Hockley, TX",30493
48221,"Hood, TX",100930
48223,"Hopkins, TX",52015
48225,"Houston, TX",19739
48227,"Howard, TX",54595
48229,"Hudspeth, TX",(D)
48231,"Hunt, TX",115191
48233,"Hutchinson, TX",24754
48235,"Irion, TX",(D)
48237,"Jack, TX",(D)
48239,"Jackson, TX",(D)
48241,"Jasper, TX",33195
48243,"Jeff Davis, TX",(D)
48245,"Jefferson, TX",522688
48247,"Jim Hogg, TX",(D)
48249,"Jim Wells, TX",46351
48251,"Johnson, TX",206486
48253,"Jones, TX",5629
48255,"Karnes, TX",(D)
48257,"Kaufman, TX",139700
48259,"Kendall, TX",92737
48261,"Kenedy, TX",(D)
48263,"Kent, TX",174
48265,"Kerr, TX",145353
48267,"Kimble, TX",14879
48269,"King, TX",6
48271,"Kinney, TX",(D)
48273,"Kleberg, TX",60798
48275,"Knox, TX",1092
48277,"Lamar, TX",71706
48279,"Lamb, TX",7105
48281,"Lampasas, TX",23322
48283,"La Salle, TX",21748
48285,"Lavaca, TX",12426
48287,"Lee, TX",(D)
48289,"Leon, TX",(D)
48291,"Liberty, TX",76033
48293,"Limestone, TX",(D)
48295,"Lipscomb, TX",(D)
48297,"Live Oak, TX",14680
48299,"Llano, TX",66304
48301,"Loving, TX",(D)
48303,"Lubbock, TX",761424
48305,"Lynn, TX",804
48307,"McCulloch, TX",(D)
48309,"McLennan, TX",518323
48311,"McMullen, TX",1219
48313,"Madison, TX",16486
48315,"Marion, TX",(D)
48317,"Martin, TX",(D)
48319,"Mason, TX",4906
48321,"Matagorda, TX",48711
48323,"Maverick, TX",71831
48325,"Medina, TX",34552
48327,"Menard, TX",(D)
48329,"Midland, TX",507883
48331,"Milam, TX",15035
48333,"Mills, TX",(D)
48335,"Mitchell, TX",(D)
48337,"Montague, TX",14687
48339,"Montgomery, TX",1215994
48341,"Moore, TX",27360
48343,"Morris, TX",3744
48345,"Motley, TX",(D)
48347,"Nacogdoches, TX",89638
48349,"Navarro, TX",48747
48351,"Newton, TX",(D)
48353,"Nolan, TX",23714
48355,"Nueces, TX",960236
48357,"Ochiltree, TX",(D)
48359,"Oldham, TX",1895
48361,"Orange, TX",87451
48363,"Palo Pinto, TX",50703
48365,"Panola, TX",16840
48367,"Parker, TX",159718
48369,"Parmer, TX",(D)
48371,"Pecos, TX",(D)
48373,"Polk, TX",49623
48375,"Potter, TX",408709
48377,"Presidio, TX",19614
48379,"Rains, TX",(D)
48381,"Randall, TX",207998
48383,"Reagan, TX",(D)
48385,"Real, TX",(D)
48387,"Red River, TX",(D)
48389,"Reeves, TX",(D)
48391,"Refugio, TX",(D)
48393,"Roberts, TX",156
48395,"Robertson, TX",16679
48397,"Rockwall, TX",234418
48399,"Runnels, TX",(D)
48401,"Rusk, TX",36212
48403,"Sabine, TX",(D)
48405,"San Augustine, TX",(D)
48407,"San Jacinto, TX",5542
48409,"San Patricio, TX",111727
48411,"San Saba, TX",4126
48413,"Schleicher, TX",(D)
48415,"Scurry, TX",21271
48417,"Shackelford, TX",(D)
48419,"Shelby, TX",(D)
48421,"Sherman, TX",(D)
48423,"Smith, TX",452524
48425,"Somervell, TX",30398
48427,"Starr, TX",34794
48429,"Stephens, TX",8169
48431,"Sterling, TX",(D)
48433,"Stonewall, TX",(D)
48435,"Sutton, TX",8261
48437,"Swisher, TX",(D)
48439,"Tarrant, TX",4741386
48441,"Taylor, TX",300294
48443,"Terrell, TX",1998
48445,"Terry, TX",(D)
48447,"Throckmorton, TX",669
48449,"Titus, TX",49672
48451,"Tom Green, TX",217626
48453,"Travis, TX",5575136
48455,"Trinity, TX",(D)
48457,"Tyler, TX",(D)
48459,"Upshur, TX",24308
48461,"Upton, TX",695
48463,"Uvalde, TX",57236
48465,"Val Verde, TX",78463
48467,"Van Zandt, TX",59554
48469,"Victoria, TX",170411
48471,"Walker, TX",87867
48473,"Waller, TX",43080
48475,"Ward, TX",(D)
48477,"Washington, TX",58686
48479,"Webb, TX",431501
48481,"Wharton, TX",45256
48483,"Wheeler, TX",(D)
48485,"Wichita, TX",217451
48487,"Wilbarger, TX",17858
48489,"Willacy, TX",13728
48491,"Williamson, TX",1097250
48493,"Wilson, TX",(D)
48495,"Winkler, TX",(D)
48497,"Wise, TX",76119
48499,"Wood, TX",42441
48501,"Yoakum, TX",(D)
48503,"Young, TX",20554
48505,"Zapata, TX",7046
48507,"Zavala, TX",6854
49001,"Beaver, UT",(D)
49003,"Box Elder, UT",58825
49005,"Cache, UT",167688
49007,"Carbon, UT",24413
49009,"Daggett, UT",8337
49011,"Davis, UT",443845
49013,"Duchesne, UT",(D)
49015,"Emery, UT",14868
49017,"Garfield, UT",83905
49019,"Grand, UT",174198
49021,"Iron, UT",110128
49023,"Juab, UT",12919
49025,"Kane, UT",91929
49027,"Millard, UT",14959
49029,"Morgan, UT",4676
49031,"Piute, UT",(D)
49033,"Rich, UT",11059
49035,"Salt Lake, UT",2958738
49037,"San Juan, UT",(D)
49039,"Sanpete, UT",16507
49041,"Sevier, UT",36067
49043,"Summit, UT",531271
49045,"Tooele, UT",68724
49047,"Uintah, UT",46341
49049,"Utah, UT",842776
49051,"Wasatch, UT",88770
49053,"Washington, UT",465842
49055,"Wayne, UT",19017
49057,"Weber, UT",341569
50001,"Addison, VT",91430
50003,"Bennington, VT",128044
50005,"Caledonia, VT",42414
50007,"Chittenden, VT",672145
50009,"Essex, VT",(D)
50011,"Franklin, VT",59261
50013,"Grand Isle, VT",18537
50015,"Lamoille, VT",210032
50017,"Orange, VT",(D)
50019,"Orleans, VT",119816
50021,"Rutland, VT",317409
50023,"Washington, VT",191336
50025,"Windham, VT",264821
50027,"Windsor, VT",314608
51001,"Accomack, VA",65963
51007,"Amelia, VA",(D)
51009,"Amherst, VA",27010
51011,"Appomattox, VA",12861
51013,"Arlington, VA",1134469
51017,"Bath, VA",(D)
51019,"Bedford, VA*",62990
51021,"Bland, VA",(D)
51023,"Botetourt, VA",37739
51025,"Brunswick, VA",(D)
51027,"Buchanan, VA",(D)
51029,"Buckingham, VA",7186
51033,"Caroline, VA",21448
51036,"Charles City, VA",2291
51037,"Charlotte, VA",3368
51041,"Chesterfield, VA",594008
51043,"Clarke, VA",13579
51045,"Craig, VA",(D)
51047,"Culpeper, VA",66662
51049,"Cumberland, VA",1793
51051,"Dickenson, VA",(D)
51057,"Essex, VA",14906
51061,"Fauquier, VA",114627
51063,"Floyd, VA",9805
51065,"Fluvanna, VA",12572
51067,"Franklin, VA",51527
51071,"Giles, VA",21352
51073,"Gloucester, VA",46163
51075,"Goochland, VA",32189
51077,"Grayson, VA",(D)
51079,"Greene, VA",20218
51083,"Halifax, VA",35932
51085,"Hanover, VA",184894
51087,"Henrico, VA",866318
51091,"Highland, VA",(D)
51093,"Isle of Wight, VA",44634
51097,"King and Queen, VA",(D)
51099,"King George, VA",20892
51101,"King William, VA",12164
51103,"Lancaster, VA",28323
51105,"Lee, VA",(D)
51107,"Loudoun, VA",1076995
51109,"Louisa, VA",31058
51111,"Lunenburg, VA",(D)
51113,"Madison, VA",10672
51115,"Mathews, VA",4749
51117,"Mecklenburg, VA",45296
51119,"Middlesex, VA",14719
51125,"Nelson, VA",47542
51127,"New Kent, VA",17232
51131,"Northampton, VA",(D)
51133,"Northumberland, VA",5872
51135,"Nottoway, VA",(D)
51137,"Orange, VA",37734
51139,"Page, VA",23879
51141,"Patrick, VA",(D)
51145,"Powhatan, VA",25114
51147,"Prince Edward, VA",47029
51155,"Pulaski, VA",48151
51157,"Rappahannock, VA",(D)
51159,"Richmond, VA",5944
51167,"Russell, VA",(D)
51169,"Scott, VA",(D)
51171,"Shenandoah, VA",61301
51173,"Smyth, VA",25058
51179,"Stafford, VA",169083
51181,"Surry, VA",(D)
51183,"Sussex, VA",(D)
51185,"Tazewell, VA",50837
51187,"Warren, VA",63604
51193,"Westmoreland, VA",12152
51197,"Wythe, VA",60879
51510,"Alexandria (Independent City), VA",535497
51550,"Chesapeake (Independent City), VA",443844
51650,"Hampton (Independent City), VA",233251
51700,"Newport News (Independent City), VA",311703
51710,"Norfolk (Independent City), VA",516978
51740,"Portsmouth (Independent City), VA",89798
51760,"Richmond (Independent City), VA",620100
51770,"Roanoke (Independent City), VA",282907
51800,"Suffolk (Independent City), VA",137474
51810,"Virginia Beach (Independent City), VA",1233528
51901,"Albemarle + Charlottesville, VA*",529940
51903,"Alleghany + Covington, VA*",(D)
51907,"Augusta, Staunton + Waynesboro, VA*",192930
51911,"Campbell + Lynchburg, VA*",291867
51913,"Carroll + Galax, VA*",46877
51918,"Dinwiddie, Colonial Heights + Petersburg, VA*",(D)
51919,"Fairfax, Fairfax City + Falls Church, VA*",3136108
51921,"Frederick + Winchester, VA*",259177
51923,"Greensville + Emporia, VA*",(D)
51929,"Henry + Martinsville, VA*",60307
51931,"James City + Williamsburg, VA*",563788
51933,"Montgomery + Radford, VA*",(D)
51939,"Pittsylvania + Danville, VA*",134542
51941,"Prince George + Hopewell, VA*",97677
51942,"Prince William, Manassas + Manassas Park, VA*",789614
51944,"Roanoke + Salem, VA*",203643
51945,"Rockbridge, Buena Vista + Lexington, VA*",78325
51947,"Rockingham + Harrisonburg, VA*",341761
51949,"Southampton + Franklin, VA*",22534
51951,"Spotsylvania + Fredericksburg, VA*",381967
51953,"Washington + Bristol, VA*",146519
51955,"Wise + Norton, VA*",47429
51958,"York + Poquoson, VA*",199596
53001,"Adams, WA",26739
53003,"Asotin, WA",38993
53005,"Benton, WA",539676
53007,"Chelan, WA",368579
53009,"Clallam, WA",180121
53011,"Clark, WA",951083
53013,"Columbia, WA",(D)
53015,"Cowlitz, WA",182763
53017,"Douglas, WA",62524
53019,"Ferry, WA",(D)
53021,"Franklin, WA",145616
53023,"Garfield, WA",(D)
53025,"Grant, WA",164783
53027,"Grays Harbor, WA",173400
53029,"Island, WA",153648
53031,"Jefferson, WA",66621
53033,"King, WA",9217906
53035,"Kitsap, WA",536151
53037,"Kittitas, WA",186729
53039,"Klickitat, WA",22497
53041,"Lewis, WA",168327
53043,"Lincoln, WA",5605
53045,"Mason, WA",101051
53047,"Okanogan, WA",98597
53049,"Pacific, WA",75758
53051,"Pend Oreille, WA",11976
53053,"Pierce, WA",1751930
53055,"San Juan, WA",158785
53057,"Skagit, WA",281832
53059,"Skamania, WA",47693
53061,"Snohomish, WA",1616957
53063,"Spokane, WA",1331108
53065,"Stevens, WA",33982
53067,"Thurston, WA",702511
53069,"Wahkiakum, WA",2809
53071,"Walla Walla, WA",133350
53073,"Whatcom, WA",527543
53075,"Whitman, WA",94619
53077,"Yakima, WA",415560
54001,"Barbour, WV",10031
54003,"Berkeley, WV",133968
54005,"Boone, WV",8925
54007,"Braxton, WV",13976
54009,"Brooke, WV",28211
54011,"Cabell, WV",230150
54013,"Calhoun, WV",(D)
54015,"Clay, WV",1524
54017,"Doddridge, WV",(D)
54019,"Fayette, WV",38868
54021,"Gilmer, WV",(D)
54023,"Grant, WV",(D)
54025,"Greenbrier, WV",214603
54027,"Hampshire, WV",(D)
54029,"Hancock, WV",77652
54031,"Hardy, WV",11913
54033,"Harrison, WV",123973
54035,"Jackson, WV",31896
54037,"Jefferson, WV",221800
54039,"Kanawha, WV",390994
54041,"Lewis, WV",31371
54043,"Lincoln, WV",4049
54045,"Logan, WV",30881
54047,"McDowell, WV",4648
54049,"Marion, WV",59914
54051,"Marshall, WV",30241
54053,"Mason, WV",10850
54055,"Mercer, WV",79224
54057,"Mineral, WV",13875
54059,"Mingo, WV",9502
54061,"Monongalia, WV",248916
54063,"Monroe, WV",(D)
54065,"Morgan, WV",12022
54067,"Nicholas, WV",29628
54069,"Ohio, WV",155494
54071,"Pendleton, WV",3848
54073,"Pleasants, WV",(D)
54075,"Pocahontas, WV",(D)
54077,"Preston, WV",17044
54079,"Putnam, WV",67524
54081,"Raleigh, WV",134610
54083,"Randolph, WV",26037
54085,"Ritchie, WV",(D)
54087,"Roane, WV",9415
54089,"Summers, WV",(D)
54091,"Taylor, WV",6284
54093,"Tucker, WV",21112
54095,"Tyler, WV",(D)
54097,"Upshur, WV",25979
54099,"Wayne, WV",15442
54101,"Webster, WV",(D)
54103,"Wetzel, WV",22179
54105,"Wirt, WV",(D)
54107,"Wood, WV",153786
54109,"Wyoming, WV",(D)
55001,"Adams, WI",69951
55003,"Ashland, WI",30665
55005,"Barron, WI",60625
55007,"Bayfield, WI",30988
55009,"Brown, WI",514171
55011,"Buffalo, WI",13210
55013,"Burnett, WI",17769
55015,"Calumet, WI",40744
55017,"Chippewa, WI",74047
55019,"Clark, WI",12899
55021,"Columbia, WI",160807
55023,"Crawford, WI",25893
55025,"Dane, WI",1410441
55027,"Dodge, WI",64591
55029,"Door, WI",159221
55031,"Douglas, WI",72720
55033,"Dunn, WI",44158
55035,"Eau Claire, WI",218958
55037,"Florence, WI",(D)
55039,"Fond du Lac, WI",149703
55041,"Forest, WI",(D)
55043,"Grant, WI",46546
55045,"Green, WI",35983
55047,"Green Lake, WI",25715
55049,"Iowa, WI",20273
55051,"Iron, WI",11764
55053,"Jackson, WI",(D)
55055,"Jefferson, WI",91181
55057,"Juneau, WI",33930
55059,"Kenosha, WI",226164
55061,"Kewaunee, WI",13920
55063,"La Crosse, WI",247171
55065,"Lafayette, WI",6688
55067,"Langlade, WI",22936
55069,"Lincoln, WI",33128
55071,"Manitowoc, WI",88304
55073,"Marathon, WI",184224
55075,"Marinette, WI",55419
55077,"Marquette, WI",15094
55078,"Menominee, WI",(D)
55079,"Milwaukee, WI",1895073
55081,"Monroe, WI",63992
55083,"Oconto, WI",27296
55085,"Oneida, WI",107642
55087,"Outagamie, WI",381033
55089,"Ozaukee, WI",148696
55091,"Pepin, WI",9281
55093,"Pierce, WI",42873
55095,"Polk, WI",39049
55097,"Portage, WI",109676
55099,"Price, WI",10062
55101,"Racine, WI",256012
55103,"Richland, WI",(D)
55105,"Rock, WI",246247
55107,"Rusk, WI",8897
55109,"St. Croix, WI",146868
55111,"Sauk, WI",656801
55113,"Sawyer, WI",41917
55115,"Shawano, WI",40541
55117,"Sheboygan, WI",174102
55119,"Taylor, WI",16675
55121,"Trempealeau, WI",25182
55123,"Vernon, WI",19840
55125,"Vilas, WI",85921
55127,"Walworth, WI",339389
55129,"Washburn, WI",23723
55131,"Washington, WI",184836
55133,"Waukesha, WI",775779
55135,"Waupaca, WI",62354
55137,"Waushara, WI",18182
55139,"Winnebago, WI",269318
55141,"Wood, WI",103943
56001,"Albany, WY",77896
56003,"Big Horn, WY",8905
56005,"Campbell, WY",93679
56007,"Carbon, WY",71234
56009,"Converse, WY",21912
56011,"Crook, WY",13140
56013,"Fremont, WY",63368
56015,"Goshen, WY",12384
56017,"Hot Springs, WY",9562
56019,"Johnson, WY",20485
56021,"Laramie, WY",224652
56023,"Lincoln, WY",23497
56025,"Natrona, WY",173357
56027,"Niobrara, WY",(D)
56029,"Park, WY",123268
56031,"Platte, WY",17714
56033,"Sheridan, WY",60383
56035,"Sublette, WY",16581
56037,"Sweetwater, WY",82519
56039,"Teton, WY",807490
56041,"Uinta, WY",25582
56043,"Washakie, WY",9152
56045,"Weston, WY",(D)

Legend/Footnotes
1. Gross Domestic Product (GDP) is in thousands of current dollars (not adjusted for inflation). Industry detail is based on the 2017 North American Industry Classification System (NAICS).
"* Estimates from 2008 forward separate Skagway-Hoonah-Angoon Census Area (02232) into Skagway Municipality (02230) and Hoonah-Angoon Census Area (02105). Estimates from 2009 forward separate Wrangell-Petersburg Census Area (02280) into Petersburg Census Area and Wrangell City and Borough (02275). In addition, a part of the Prince of Wales-Outer Ketchikan Census Area (02201) was annexed by Ketchikan Gateway Borough (02130) and part (Meyers Chuck Area) was included in the new Wrangell City and Borough (02275). The remainder of the Prince of Wales-Outer Ketchikan Census Area (02201) was renamed Prince of Wales-Hyder Census Area (02198). Petersburg Borough (02195) was created from part of former Petersburg Census Area and part of Hoonah-Angoon Census Area (02105) for 2013 forward. Prince of Wales-Hyder Census Area (02198) added part of the former Petersburg Census Area beginning in 2013. For years 2009-2012, Petersburg Borough (02195) reflects the geographic boundaries of the former Petersburg Census Area."
"* Wade Hampton Census Area was renamed Kusilvak Census Area (02158) on July 1, 2015."
"* On January 2, 2019, two new county equivalents were created from the former Valdez-Cordova Census Area, Alaska (02261): Chugach Census Area (02063) and Copper River Census Area (02066). Estimates for 2020 forward reflect these changes."
"* Broomfield County, CO, was created from parts of Adams, Boulder, Jefferson, and Weld counties effective November 15, 2001. Estimates for Broomfield county begin with 2002."
"* Kalawao County, Hawaii is combined with Maui County. Separate estimates for the jurisdictions making up the combination areas are not available."
"* Shannon County, SD was renamed to Oglala Lakota County, SD on May 1, 2015."
"* Virginia combination areas consist of one or two independent cities with 1980 populations of less than 100,000 combined with an adjacent county. The county name appears first, followed by the city name(s). Separate estimates for the jurisdictions making up the combination area are not available. Bedford County, VA includes the independent city of Bedford for all years."
"  Metropolitan Areas are defined (geographically delineated) by the Office of Management and Budget (OMB) bulletin no. 20-01 issued March 6, 2020."
(D) Not shown to avoid disclosure of confidential information; estimates are included in higher-level totals.
(NA) Not available.
"  Last updated: December 7, 2023 -- new statistics for 2022, revised statistics for 2017-2021."
